event_id,label,device_id,timestamp,src_port,dst_port,protocol,bytes_in,bytes_out,packets,duration
evt-000000,0,43,2025-01-01 00:00:00,15400,53,6,1055,552,53,1.241492363727042
evt-000001,0,1,2025-01-01 00:00:50,62374,123,1,1152,471,9,5.659276272126145
evt-000002,0,12,2025-01-01 00:01:16,6913,22,6,2796,1369,47,1.3325124145167948
evt-000003,0,39,2025-01-01 00:02:13,38846,53,6,1319,1185,12,1.2420968897522084
evt-000004,0,1,2025-01-01 00:03:05,37660,22,6,3839,1103,37,3.0749030931106955
evt-000005,0,19,2025-01-01 00:02:33,21608,53,6,1622,2588,19,3.447204040940413
evt-000006,0,0,2025-01-01 00:03:18,50377,53,6,5212,739,31,1.6170671952498996
evt-000007,0,36,2025-01-01 00:03:39,52673,443,6,707,1509,20,0.39640880041702203
evt-000008,0,8,2025-01-01 00:04:45,35634,123,6,1266,660,6,1.2613148795715305
evt-000009,0,16,2025-01-01 00:00:24,11082,123,17,2506,469,3,6.888575325455572
evt-000010,0,8,2025-01-01 00:04:03,60364,53,6,618,824,22,2.796622090579298
evt-000011,0,10,2025-01-01 00:06:44,63753,80,17,497,665,17,3.333737944420902
evt-000012,0,14,2025-01-01 00:07:15,10125,80,6,584,700,25,0.06675268714508853
evt-000013,0,23,2025-01-01 00:10:21,13521,22,6,518,3516,17,1.261695313091615
evt-000014,0,37,2025-01-01 00:09:15,5682,22,6,1849,850,67,2.0804290436797093
evt-000015,0,34,2025-01-01 00:14:53,12405,443,6,175,565,23,3.5442982341025697
evt-000016,0,29,2025-01-01 00:04:43,65224,53,6,231,1127,15,0.10105802270044377
evt-000017,0,30,2025-01-01 00:06:17,41336,22,6,7063,1217,24,3.8270257087675685
evt-000018,0,48,2025-01-01 00:07:05,41510,22,6,531,334,15,1.5899210419645589
evt-000019,0,4,2025-01-01 00:09:01,47643,8080,6,1339,813,21,0.4395832769520413
evt-000020,0,43,2025-01-01 00:16:46,18178,53,6,247,781,9,0.763268318017181
evt-000021,0,49,2025-01-01 00:05:13,20563,443,6,1204,923,19,0.6623751948188898
evt-000022,0,13,2025-01-01 00:17:09,60869,22,1,534,2265,15,1.5137039782956836
evt-000023,0,10,2025-01-01 00:09:33,61082,443,6,229,1257,10,0.10613854081246127
evt-000024,0,8,2025-01-01 00:14:36,63092,123,17,4175,3744,65,0.3452244707543529
evt-000025,0,33,2025-01-01 00:15:57,12801,443,6,3578,1083,10,3.3500130572165574
evt-000026,0,11,2025-01-01 00:09:57,35420,80,6,985,6477,20,0.2845192968126334
evt-000027,0,34,2025-01-01 00:14:03,31397,80,17,2979,691,12,0.5315705194003603
evt-000028,0,34,2025-01-01 00:11:50,34178,443,6,7356,507,24,1.2079684602792922
evt-000029,0,0,2025-01-01 00:02:27,7055,80,1,2331,1895,9,1.455977885210488
evt-000030,0,39,2025-01-01 00:13:23,29021,123,6,1771,4290,33,2.884548648883858
evt-000031,0,21,2025-01-01 00:03:29,7463,53,6,1338,276,68,1.1859971828494513
evt-000032,0,28,2025-01-01 00:13:16,23809,80,6,2099,900,12,3.1200065884685078
evt-000033,0,7,2025-01-01 00:19:47,14416,80,17,762,595,41,1.9264832889969943
evt-000034,0,10,2025-01-01 00:19:56,54184,443,6,831,1265,15,0.24004549758836757
evt-000035,0,40,2025-01-01 00:23:23,29693,123,6,1721,1107,49,0.3399911220608183
evt-000036,0,36,2025-01-01 00:03:58,29963,53,6,682,4210,74,1.149071111489301
evt-000037,0,13,2025-01-01 00:24:20,52642,443,6,760,983,17,1.0113093427254443
evt-000038,0,29,2025-01-01 00:12:17,3306,443,6,1096,4336,8,2.7215984408908414
evt-000039,0,34,2025-01-01 00:15:57,35648,8080,6,3465,800,35,1.7385144088872106
evt-000040,0,20,2025-01-01 00:34:24,49462,123,6,353,2769,22,0.982480945468228
evt-000041,0,36,2025-01-01 00:01:02,25388,53,1,2342,1378,27,0.37449200427352775
evt-000042,0,4,2025-01-01 00:25:00,3022,123,6,2420,6185,16,0.5145310364353661
evt-000043,0,18,2025-01-01 00:26:01,32729,53,6,2406,250,11,1.7136913449080224
evt-000044,0,13,2025-01-01 00:17:53,39268,123,17,489,342,40,1.1013475911131678
evt-000045,0,25,2025-01-01 00:11:14,10452,443,1,201,6847,24,1.4469138658939358
evt-000046,0,3,2025-01-01 00:11:22,38461,443,6,1919,526,8,0.374292197129334
evt-000047,0,24,2025-01-01 00:41:37,13360,22,6,1322,561,30,2.1747884087233365
evt-000048,0,44,2025-01-01 00:21:39,10366,80,6,2994,456,26,3.8283795751434875
evt-000049,0,41,2025-01-01 00:16:45,54494,8080,6,544,3458,16,0.5966490237930953
evt-000050,0,24,2025-01-01 00:22:53,40856,123,6,2345,313,53,1.3526360799106307
evt-000051,0,17,2025-01-01 00:34:25,8470,8080,6,3147,1121,13,7.420396508544623
evt-000052,0,39,2025-01-01 00:08:19,51607,22,17,996,840,18,0.8106554567425681
evt-000053,0,7,2025-01-01 00:24:18,39416,80,6,1663,3091,31,1.8079653006679
evt-000054,0,38,2025-01-01 00:32:06,8485,123,6,1606,624,21,0.18905151552804583
evt-000055,0,39,2025-01-01 00:52:13,35611,53,17,482,1661,8,1.8628848955363142
evt-000056,0,13,2025-01-01 00:14:50,11540,80,17,1865,339,22,0.18781223319527515
evt-000057,0,31,2025-01-01 00:21:05,14773,443,17,5555,10656,15,6.399884175573184
evt-000058,0,37,2025-01-01 00:22:36,18538,22,6,1121,862,33,2.5151878018692067
evt-000059,0,32,2025-01-01 00:36:06,64145,80,6,254,1106,21,3.1038460122386295
evt-000060,0,22,2025-01-01 00:22:02,56739,80,6,551,5737,21,2.4354969140000042
evt-000061,0,14,2025-01-01 00:33:01,36450,443,6,185,609,10,1.781874899910916
evt-000062,0,32,2025-01-01 00:48:41,37292,123,6,3984,5810,17,1.1953568669670782
evt-000063,0,24,2025-01-01 00:44:44,25974,53,6,2354,726,35,3.9091222387077273
evt-000064,0,16,2025-01-01 00:29:09,35912,443,17,664,2146,12,6.285481524658795
evt-000065,0,32,2025-01-01 00:56:19,37812,53,6,265,618,19,1.3824427638185421
evt-000066,0,46,2025-01-01 00:37:19,11237,123,17,476,282,11,5.36286666232021
evt-000067,0,1,2025-01-01 00:36:41,62073,80,6,579,1660,9,1.7509354426537163
evt-000068,0,13,2025-01-01 00:03:25,63517,53,6,1223,2079,19,1.5460446144364728
evt-000069,0,39,2025-01-01 01:08:05,37051,22,6,1182,294,22,1.2120416411985293
evt-000070,0,39,2025-01-01 00:09:37,29035,22,6,4194,806,66,0.46964234401142835
evt-000071,0,38,2025-01-01 00:17:19,43873,443,6,548,3643,15,0.007453191918566619
evt-000072,0,5,2025-01-01 00:04:51,35615,123,6,242,1998,19,0.552841379323477
evt-000073,0,5,2025-01-01 00:47:09,18882,443,17,344,738,9,1.4255701829877656
evt-000074,0,2,2025-01-01 00:17:35,19650,443,6,1071,603,29,0.9559424197992296
evt-000075,0,6,2025-01-01 00:14:31,14491,8080,6,529,7694,25,1.190173311041222
evt-000076,1,7,2025-01-01 00:07:53,53419,443,6,13337,4202,798,128.49588097208965
evt-000077,0,41,2025-01-01 00:09:06,40782,8080,6,696,1033,39,0.8624040714195548
evt-000078,0,14,2025-01-01 00:46:08,55336,22,6,2952,253,24,1.203627757434358
evt-000079,0,46,2025-01-01 00:54:46,4158,22,6,609,4083,15,0.286622234615154
evt-000080,0,28,2025-01-01 00:32:35,52246,443,6,751,1088,22,0.09829169295144329
evt-000081,0,32,2025-01-01 00:39:34,17767,22,6,2246,1310,18,2.9869531999275454
evt-000082,0,29,2025-01-01 00:56:40,16458,123,6,623,17481,35,1.6911202259596498
evt-000083,0,38,2025-01-01 00:02:48,65071,8080,6,1674,605,32,2.860114736060043
evt-000084,0,26,2025-01-01 00:28:05,48799,8080,6,1527,6301,16,0.3247150588976369
evt-000085,0,35,2025-01-01 01:22:45,11257,443,6,1263,741,8,1.696464192151551
evt-000086,0,28,2025-01-01 00:50:29,50170,22,6,352,868,44,0.5851010733404909
evt-000087,0,37,2025-01-01 00:23:11,2165,53,6,3750,15339,28,0.5177016117362403
evt-000088,0,32,2025-01-01 00:46:36,19043,8080,6,10103,933,16,0.023185906825466483
evt-000089,0,36,2025-01-01 00:31:28,63867,443,17,1106,277,27,0.2793075606586327
evt-000090,0,26,2025-01-01 00:48:36,21408,443,6,385,1453,21,0.7400070711451824
evt-000091,0,32,2025-01-01 00:12:46,43927,123,17,1129,922,44,0.24858556765896694
evt-000092,0,3,2025-01-01 00:13:32,46758,80,17,2950,1583,6,8.517274656679415
evt-000093,0,21,2025-01-01 00:14:40,37153,80,6,592,959,15,0.7381679470008576
evt-000094,0,1,2025-01-01 01:28:26,23991,8080,6,964,10052,52,0.27926897841067283
evt-000095,0,9,2025-01-01 01:10:02,41627,123,6,1541,1913,28,0.4439941995518674
evt-000096,0,4,2025-01-01 00:16:55,12196,123,6,3652,374,58,1.772023738757414
evt-000097,0,9,2025-01-01 00:19:34,17414,123,6,2381,1242,9,0.13237260688248018
evt-000098,0,32,2025-01-01 01:12:03,4291,8080,1,2482,492,38,3.9673048461323117
evt-000099,0,37,2025-01-01 00:16:51,40356,80,6,716,856,36,6.514177412440875
evt-000100,0,12,2025-01-01 00:24:43,27191,123,17,1639,441,7,0.5667093534118818
evt-000101,1,30,2025-01-01 01:37:21,22336,22,6,9298,157420,293,20.875045610416965
evt-000102,0,46,2025-01-01 00:27:18,28864,443,6,2554,549,18,0.04476618777644879
evt-000103,0,35,2025-01-01 01:08:43,20014,443,6,3467,2181,7,2.047252085242771
evt-000104,0,44,2025-01-01 01:41:48,45203,53,6,1907,793,17,1.0686186331352434
evt-000105,0,23,2025-01-01 00:40:23,6930,53,6,759,344,33,0.6295816771943918
evt-000106,0,14,2025-01-01 00:03:35,49820,8080,17,894,1336,15,0.46345333876467987
evt-000107,0,28,2025-01-01 00:27:28,53449,8080,6,6677,1637,23,2.1227664091691523
evt-000108,0,7,2025-01-01 01:30:02,41403,443,6,772,1917,23,1.0764519874097542
evt-000109,0,4,2025-01-01 01:34:29,18321,22,1,3133,79,19,0.3960710476750345
evt-000110,0,28,2025-01-01 01:24:57,3035,80,17,1539,318,13,2.3366263453174128
evt-000111,0,46,2025-01-01 00:14:11,51618,80,6,785,2857,29,1.6651508592026265
evt-000112,0,3,2025-01-01 01:29:28,55722,8080,6,285,435,7,3.913344475292397
evt-000113,0,11,2025-01-01 01:43:57,45038,22,6,1355,1343,20,0.24993836098526487
evt-000114,0,44,2025-01-01 01:09:13,47582,8080,6,1201,311,46,3.08044508288559
evt-000115,0,1,2025-01-01 01:48:18,12762,80,6,6677,2279,15,2.2387534920707592
evt-000116,0,26,2025-01-01 01:36:14,29821,8080,6,463,2782,12,0.24435998409683773
evt-000117,0,30,2025-01-01 01:18:41,48522,123,1,10880,2279,31,2.3737118082640003
evt-000118,0,35,2025-01-01 01:08:56,63280,8080,6,1601,3079,22,1.1651706705677765
evt-000119,0,35,2025-01-01 00:42:46,12144,443,17,1600,5239,31,5.800291011492512
evt-000120,0,25,2025-01-01 00:20:47,52005,8080,1,606,338,20,0.3053966214937956
evt-000121,0,42,2025-01-01 01:13:59,9791,443,6,1502,498,4,2.0591058273532634
evt-000122,0,26,2025-01-01 00:40:11,23876,22,6,1759,2690,40,0.9624690663016239
evt-000123,0,4,2025-01-01 01:46:50,14727,80,6,2799,3395,69,6.28450887683851
evt-000124,0,19,2025-01-01 02:03:11,1953,53,17,412,558,43,0.8008801951661846
evt-000125,0,10,2025-01-01 01:34:34,12975,53,6,4477,521,2,6.550146962097857
evt-000126,0,9,2025-01-01 00:13:18,53875,80,6,1574,571,26,4.635110194945274
evt-000127,0,39,2025-01-01 00:38:10,27063,53,6,2014,220,15,0.6304717251349908
evt-000128,0,37,2025-01-01 00:15:51,61643,8080,6,879,307,10,3.254610949982104
evt-000129,0,5,2025-01-01 01:24:40,49637,22,6,433,315,21,10.854212299321063
evt-000130,0,7,2025-01-01 01:39:59,30528,22,6,1179,817,18,0.5824781212038119
evt-000131,0,22,2025-01-01 02:01:25,18462,80,6,1322,1437,27,1.1481598750736812
evt-000132,0,46,2025-01-01 00:59:04,49539,53,17,274,1691,20,1.468691561002406
evt-000133,0,25,2025-01-01 02:00:06,6768,8080,6,2424,659,10,0.6989196024587799
evt-000134,0,45,2025-01-01 01:57:54,19308,22,6,2970,675,14,0.030765093399778135
evt-000135,0,42,2025-01-01 00:44:21,43441,22,17,528,1240,12,0.49725414143403024
evt-000136,1,11,2025-01-01 01:58:28,40772,123,6,2316,1443,42,3.8912152754758544
evt-000137,0,25,2025-01-01 00:52:53,8093,123,1,810,2862,8,1.1725345642433667
evt-000138,0,12,2025-01-01 00:42:35,43383,22,6,1123,3965,17,0.37531749678404847
evt-000139,0,39,2025-01-01 01:31:02,20823,80,6,842,586,47,4.13114601884495
evt-000140,0,17,2025-01-01 00:47:32,34234,443,6,1031,736,14,2.440957446057907
evt-000141,0,24,2025-01-01 01:29:43,29250,443,6,1368,3802,12,0.17810067774176316
evt-000142,0,32,2025-01-01 01:27:31,56394,8080,17,279,969,9,2.100172611010994
evt-000143,0,46,2025-01-01 01:21:36,5676,22,6,313,1974,20,2.120648307416954
evt-000144,0,39,2025-01-01 00:56:16,25347,22,6,72,999,40,6.2572099900087075
evt-000145,0,42,2025-01-01 01:20:37,58009,22,1,2814,5199,66,0.006050886796116876
evt-000146,0,11,2025-01-01 01:28:04,43162,80,1,1113,1790,23,0.5698582633612812
evt-000147,0,43,2025-01-01 01:21:19,8621,123,6,3127,1896,21,5.2563944517083545
evt-000148,0,35,2025-01-01 01:07:08,48117,22,6,351,1931,14,5.380437719212369
evt-000149,0,47,2025-01-01 00:04:37,38250,22,17,1123,629,16,2.550124453872449
evt-000150,0,3,2025-01-01 01:29:05,7615,53,6,1359,690,29,2.9028464525580926
evt-000151,0,4,2025-01-01 00:27:31,50138,80,1,625,2366,16,0.1918832657029103
evt-000152,0,36,2025-01-01 01:38:34,26857,8080,6,231,1244,18,1.4425824074334352
evt-000153,0,7,2025-01-01 01:56:47,12850,22,6,6284,337,19,0.526845426204733
evt-000154,0,41,2025-01-01 01:18:21,27441,53,1,4443,7137,14,0.3998749241868558
evt-000155,0,48,2025-01-01 01:25:14,19717,443,6,748,2916,19,3.324657586918614
evt-000156,0,27,2025-01-01 02:28:33,15162,8080,6,1826,1138,5,0.2901397233404449
evt-000157,0,30,2025-01-01 02:13:24,56444,22,6,675,834,27,1.2646748439864381
evt-000158,0,8,2025-01-01 02:24:40,51086,22,6,405,1337,82,5.579982204958164
evt-000159,0,28,2025-01-01 02:09:52,54516,53,6,6817,1839,14,0.4111772286326655
evt-000160,0,13,2025-01-01 00:19:48,63005,80,6,209,143,25,7.632827898604926
evt-000161,0,39,2025-01-01 00:26:16,54185,22,17,824,9066,33,10.330367122272333
evt-000162,0,40,2025-01-01 01:26:35,56804,443,6,1193,497,43,1.6221376477146612
evt-000163,0,21,2025-01-01 00:42:09,3193,22,6,5717,1094,17,0.3730031381962785
evt-000164,0,10,2025-01-01 01:19:36,19580,443,6,2688,1135,6,0.7599014361219086
evt-000165,0,22,2025-01-01 01:06:44,23076,8080,6,205,8077,23,1.1050071936340258
evt-000166,0,0,2025-01-01 01:32:26,7337,8080,6,1093,1004,21,0.7401695513746324
evt-000167,0,45,2025-01-01 02:05:25,9339,123,6,1119,5369,16,0.6587744133072109
evt-000168,0,36,2025-01-01 02:00:59,9060,123,6,872,1647,18,7.167577013150405
evt-000169,0,20,2025-01-01 01:29:26,32802,443,17,2038,419,21,0.3329708121293001
evt-000170,0,25,2025-01-01 02:20:18,28758,80,6,267,1254,24,2.64347099575491
evt-000171,0,45,2025-01-01 01:15:17,24197,22,1,728,974,24,0.0008207472618325259
evt-000172,0,35,2025-01-01 02:34:31,31427,22,1,1770,370,17,1.8135853105172017
evt-000173,0,22,2025-01-01 00:15:00,1809,123,17,2163,1568,25,4.952520371751757
evt-000174,1,0,2025-01-01 02:46:14,7163,443,6,22325,19656,296,11.907400230719464
evt-000175,0,39,2025-01-01 01:55:34,7368,22,6,821,1912,29,0.41042548499098197
evt-000176,0,14,2025-01-01 01:08:42,19824,22,6,972,1330,13,2.109266185215544
evt-000177,0,20,2025-01-01 00:37:15,26396,80,6,2299,571,20,2.4937704040066357
evt-000178,0,46,2025-01-01 01:26:50,62540,53,1,1134,2364,7,2.3296998262217015
evt-000179,0,8,2025-01-01 00:37:13,21562,123,17,386,587,16,0.7693167937383288
evt-000180,0,8,2025-01-01 00:32:26,64942,123,6,319,49,28,0.5812458574922862
evt-000181,0,9,2025-01-01 01:52:53,15997,53,17,247,1247,10,6.2434437808329815
evt-000182,0,25,2025-01-01 01:36:38,6643,22,6,4701,630,16,5.135694319092839
evt-000183,0,40,2025-01-01 02:03:38,35728,80,6,2458,1607,4,1.2224584088235544
evt-000184,0,34,2025-01-01 02:51:15,60524,80,6,985,8093,8,3.744124681489393
evt-000185,0,24,2025-01-01 01:39:54,37599,123,6,696,8331,10,1.2041409079525875
evt-000186,0,25,2025-01-01 01:49:21,40943,80,17,617,929,21,1.1046464501104396
evt-000187,0,10,2025-01-01 00:19:35,43285,8080,17,3272,479,24,0.3410143191200599
evt-000188,0,37,2025-01-01 02:15:48,46147,53,17,7364,1967,19,1.1116670969804385
evt-000189,0,1,2025-01-01 01:17:28,28740,22,6,598,757,15,1.5418582918755503
evt-000190,0,6,2025-01-01 03:05:39,4260,8080,6,3423,1622,15,0.045522828338869954
evt-000191,0,17,2025-01-01 02:37:47,16872,53,6,1127,566,30,1.1743805042146498
evt-000192,0,26,2025-01-01 01:41:50,3376,443,17,886,1409,22,3.040622882956476
evt-000193,0,33,2025-01-01 00:26:36,2956,123,1,4935,486,16,2.2791564394326462
evt-000194,0,26,2025-01-01 02:47:10,11937,80,6,1085,3584,43,2.016576248797002
evt-000195,0,16,2025-01-01 02:36:36,9580,443,6,1474,607,64,4.806036169662655
evt-000196,0,42,2025-01-01 00:38:50,22324,80,6,1405,2124,9,0.036393135444642725
evt-000197,0,43,2025-01-01 01:00:29,6522,8080,17,215,309,27,1.628585865495786
evt-000198,0,23,2025-01-01 02:37:46,11606,22,6,1463,2395,128,3.0962044837427483
evt-000199,0,24,2025-01-01 00:39:33,51122,22,6,624,417,23,1.5588720345312657
evt-000200,0,6,2025-01-01 03:03:49,65410,22,1,264,1423,21,0.7828154137142334
evt-000201,0,5,2025-01-01 01:27:15,47657,80,6,653,3050,19,0.29294511626283076
evt-000202,0,23,2025-01-01 00:20:39,10593,443,6,648,897,26,4.37072570584052
evt-000203,0,32,2025-01-01 02:46:13,51615,22,6,3071,391,31,1.272635568478261
evt-000204,0,48,2025-01-01 01:18:19,61548,443,17,378,1802,9,4.209357835819459
evt-000205,0,28,2025-01-01 01:49:33,57906,80,17,497,472,19,1.7630643534887032
evt-000206,0,42,2025-01-01 00:26:10,5881,8080,6,1387,731,5,2.242894772199142
evt-000207,0,21,2025-01-01 00:03:58,1364,443,6,291,1430,17,3.2619478570221
evt-000208,0,25,2025-01-01 02:13:57,44973,8080,17,567,4275,11,2.152658096571311
evt-000209,0,27,2025-01-01 01:49:21,17790,80,1,207,1126,24,1.0151778705925225
evt-000210,1,49,2025-01-01 02:06:03,63467,80,1,42106,17168,113,22.058439902964228
evt-000211,0,20,2025-01-01 02:48:12,27156,123,6,811,2292,14,3.249565333349544
evt-000212,0,48,2025-01-01 02:18:19,9515,80,6,1079,1153,35,0.9356928637335308
evt-000213,0,6,2025-01-01 00:40:09,1162,80,6,2740,2070,13,0.9824429498748259
evt-000214,0,16,2025-01-01 01:19:29,1382,53,17,532,3224,6,0.20116637071693474
evt-000215,0,19,2025-01-01 03:15:06,55107,22,6,802,790,23,4.920453874875766
evt-000216,0,40,2025-01-01 02:47:08,10738,123,6,381,41,14,0.190900272075455
evt-000217,0,48,2025-01-01 02:02:23,20864,123,6,380,483,17,2.089437068276429
evt-000218,0,19,2025-01-01 00:58:26,35419,123,6,436,3672,12,1.0661236475287748
evt-000219,0,21,2025-01-01 01:08:41,31678,53,6,670,1060,65,1.0404708153419648
evt-000220,0,27,2025-01-01 02:42:00,26903,8080,6,746,781,7,2.2760695045568395
evt-000221,0,39,2025-01-01 03:08:39,17020,80,6,1463,3522,109,0.13890109375845544
evt-000222,0,48,2025-01-01 02:30:16,56802,22,6,449,990,15,1.8013554185906948
evt-000223,0,6,2025-01-01 03:01:13,38796,443,17,1509,135,22,2.957098143811851
evt-000224,0,0,2025-01-01 02:52:36,59502,8080,17,1781,243,14,3.5229970645952644
evt-000225,0,31,2025-01-01 00:36:52,65377,80,6,686,1666,13,0.3739376116398851
evt-000226,0,12,2025-01-01 01:37:58,27786,53,1,490,1025,12,4.554206073522862
evt-000227,0,29,2025-01-01 00:37:55,14307,80,1,1194,4696,28,2.1350767948324783
evt-000228,0,22,2025-01-01 00:56:32,64946,80,6,895,526,8,4.271681818886709
evt-000229,0,18,2025-01-01 03:19:33,40444,53,6,1366,804,24,1.3282672173936974
evt-000230,0,31,2025-01-01 01:50:47,56592,123,6,5270,452,5,1.5619178068150337
evt-000231,0,29,2025-01-01 02:05:27,20578,123,6,1174,651,23,5.0275575838179005
evt-000232,0,28,2025-01-01 00:44:34,21243,22,17,578,165,33,4.603361870828895
evt-000233,0,48,2025-01-01 01:15:25,58193,22,17,449,745,9,1.1889974248876372
evt-000234,0,44,2025-01-01 00:56:52,35943,123,17,467,1041,30,0.641547577742884
evt-000235,1,28,2025-01-01 00:51:33,10453,8080,6,3251,12249,265,12.788626140843201
evt-000236,0,29,2025-01-01 02:31:58,47864,443,6,2787,9410,52,0.9812759729878967
evt-000237,0,15,2025-01-01 01:03:49,45719,80,6,117,6860,12,0.6761743297842283
evt-000238,0,39,2025-01-01 02:31:52,40697,443,6,1786,517,108,0.6255337757306934
evt-000239,0,18,2025-01-01 00:17:43,20242,80,6,460,142,4,3.9474684576341845
evt-000240,0,17,2025-01-01 00:37:27,13476,123,6,656,993,16,0.14484446294736897
evt-000241,0,0,2025-01-01 01:09:04,59366,22,6,446,1598,7,2.263993905765818
evt-000242,0,13,2025-01-01 02:26:06,50004,8080,17,4655,463,60,0.37946603135411067
evt-000243,0,46,2025-01-01 02:45:32,19975,22,6,1114,487,17,0.8447319330077375
evt-000244,0,49,2025-01-01 01:50:17,2331,443,6,2417,5337,18,0.12703655634591363
evt-000245,0,1,2025-01-01 01:51:28,15876,22,6,4025,847,26,0.6293492631903279
evt-000246,0,27,2025-01-01 02:59:21,26256,123,6,1291,2126,20,2.9256690361333657
evt-000247,0,48,2025-01-01 00:07:57,36452,8080,6,331,432,14,4.325912832862129
evt-000248,0,49,2025-01-01 01:27:18,44195,443,6,879,1035,9,0.5008423310381829
evt-000249,0,29,2025-01-01 03:24:36,27509,8080,6,522,783,22,1.2455557801114616
evt-000250,0,37,2025-01-01 02:32:27,53906,80,6,662,558,25,1.270979741252593
evt-000251,0,3,2025-01-01 01:27:24,11262,22,6,997,3481,30,4.13621690105182
evt-000252,0,0,2025-01-01 03:48:35,39999,8080,6,958,273,63,2.8776952378629708
evt-000253,0,7,2025-01-01 03:16:25,53338,53,6,1655,1480,5,1.4392994554974163
evt-000254,0,28,2025-01-01 01:10:23,2164,22,17,1914,768,19,2.2218588713032195
evt-000255,0,38,2025-01-01 02:46:03,64353,80,6,958,1660,41,3.759281336347088
evt-000256,0,2,2025-01-01 02:34:14,25866,8080,6,1641,779,18,0.019169482509980455
evt-000257,0,31,2025-01-01 01:45:40,27445,443,6,633,2610,4,1.0313079599130333
evt-000258,0,9,2025-01-01 01:37:23,2732,80,17,4083,428,9,4.7555478240726
evt-000259,0,9,2025-01-01 01:31:48,4654,53,17,622,3489,24,2.6965566761977855
evt-000260,0,18,2025-01-01 02:42:07,20619,8080,6,3630,1065,23,1.5654496924006256
evt-000261,0,45,2025-01-01 01:57:53,11509,123,6,250,290,30,1.508533089381674
evt-000262,0,33,2025-01-01 03:38:40,29332,22,17,749,2165,12,0.8547163363440141
evt-000263,0,32,2025-01-01 02:57:33,45813,443,6,787,898,23,1.470108417205436
evt-000264,0,22,2025-01-01 00:22:33,56714,123,6,1449,198,11,2.1306444046865654
evt-000265,0,27,2025-01-01 02:51:14,27110,8080,1,2596,1529,23,1.083817606499608
evt-000266,0,31,2025-01-01 01:15:21,17883,8080,17,314,3000,20,2.5045981769539023
evt-000267,0,49,2025-01-01 02:40:05,8708,80,17,362,3952,12,3.949906885483221
evt-000268,0,6,2025-01-01 03:03:42,26576,8080,6,269,751,51,0.336091520859105
evt-000269,0,28,2025-01-01 01:05:32,2231,443,6,4105,1268,7,1.2013074655644023
evt-000270,0,7,2025-01-01 02:05:47,47123,123,6,1476,1153,18,1.0485651653111872
evt-000271,0,0,2025-01-01 00:55:14,2984,443,6,370,4864,12,2.3260763782135196
evt-000272,0,2,2025-01-01 00:18:31,1581,53,17,704,487,60,0.5750107501485091
evt-000273,0,23,2025-01-01 01:46:09,30713,53,6,3575,689,28,2.0446969530363512
evt-000274,0,22,2025-01-01 01:42:21,49675,22,1,830,475,13,4.199112860506872
evt-000275,0,7,2025-01-01 04:33:46,14917,22,6,782,257,16,1.083021946605547
evt-000276,0,46,2025-01-01 02:05:44,33296,53,6,502,1404,61,4.838590658143917
evt-000277,0,36,2025-01-01 01:35:28,1906,8080,1,393,5438,11,9.971028649009181
evt-000278,0,2,2025-01-01 02:43:18,60562,443,6,3580,899,6,0.22430494651478408
evt-000279,0,32,2025-01-01 00:29:00,38553,53,6,5848,454,23,0.5306756510032092
evt-000280,1,27,2025-01-01 04:29:26,61035,22,6,4182,13505,247,61.364981418117026
evt-000281,0,46,2025-01-01 03:00:08,39659,53,6,4469,1976,29,6.355836630167673
evt-000282,0,7,2025-01-01 03:34:00,57139,8080,6,673,937,30,0.2056325663428165
evt-000283,0,33,2025-01-01 00:52:09,30559,53,6,1869,4462,58,0.030224230702894792
evt-000284,0,34,2025-01-01 01:59:05,13893,443,17,4492,486,7,0.3513275937048176
evt-000285,0,31,2025-01-01 02:03:12,8190,123,17,948,823,9,11.049323762090152
evt-000286,0,23,2025-01-01 03:55:53,14006,8080,17,790,1474,29,0.3969009423520094
evt-000287,0,13,2025-01-01 00:05:07,41721,22,6,2443,1624,10,1.396510837731632
evt-000288,0,31,2025-01-01 01:30:00,39139,443,17,361,1149,8,3.7732534831434887
evt-000289,0,45,2025-01-01 04:43:40,8293,53,6,3453,305,61,0.04122519627196969
evt-000290,0,42,2025-01-01 02:20:15,59978,53,6,1264,11361,7,1.8551532688177388
evt-000291,0,15,2025-01-01 01:54:18,29088,123,1,615,866,16,0.6487625128653397
evt-000292,0,3,2025-01-01 00:39:16,58301,22,1,599,1224,19,3.965862948635099
evt-000293,0,36,2025-01-01 04:45:33,14551,22,6,274,2031,44,0.6666456204894865
evt-000294,0,20,2025-01-01 00:10:41,3478,80,6,641,580,6,2.321543892896444
evt-000295,0,13,2025-01-01 03:38:45,21902,22,6,842,1160,25,2.2430636876599284
evt-000296,0,30,2025-01-01 03:48:38,52122,123,6,379,557,11,0.500756002227649
evt-000297,0,47,2025-01-01 01:16:06,63178,80,6,1047,1661,29,0.07083823250288912
evt-000298,0,17,2025-01-01 03:21:45,14015,80,6,1759,832,11,1.0527232828697692
evt-000299,0,6,2025-01-01 00:32:18,3832,53,6,885,1434,51,0.6827090969701284
evt-000300,0,9,2025-01-01 01:20:49,40434,53,17,2127,385,11,3.310730727102722
evt-000301,0,6,2025-01-01 03:58:13,37617,22,17,489,478,4,3.222521029283225
evt-000302,0,32,2025-01-01 04:21:48,37328,80,6,2991,280,12,1.221380141746189
evt-000303,0,22,2025-01-01 03:06:20,31410,53,6,1238,538,17,1.8654105595460904
evt-000304,0,20,2025-01-01 02:36:34,56244,123,6,5142,83,38,1.853993251920667
evt-000305,0,18,2025-01-01 00:52:51,49101,53,17,12261,806,9,3.510756510675283
evt-000306,0,47,2025-01-01 00:24:05,4826,8080,6,685,642,9,1.1067788733374526
evt-000307,0,18,2025-01-01 00:40:37,29777,8080,6,714,1275,35,0.6443998481142602
evt-000308,0,35,2025-01-01 01:13:59,22107,53,1,857,1146,8,0.6158645771440798
evt-000309,0,28,2025-01-01 01:48:58,19378,80,6,1989,3854,18,1.5365704152919397
evt-000310,0,17,2025-01-01 02:01:16,23214,80,6,4129,14681,18,1.1925789529683068
evt-000311,0,1,2025-01-01 01:51:05,7166,443,17,570,3420,22,1.1600683619690753
evt-000312,0,0,2025-01-01 01:18:32,29422,8080,6,1605,697,12,0.19112256865420962
evt-000313,0,46,2025-01-01 02:42:06,52995,123,6,957,669,11,2.5359828550646677
evt-000314,0,4,2025-01-01 04:20:03,42886,80,17,2034,2614,24,0.4809270801724361
evt-000315,0,19,2025-01-01 01:31:53,34156,22,17,4961,203,11,0.43868564201968646
evt-000316,0,10,2025-01-01 04:58:05,54434,8080,6,862,800,8,1.0646376474935884
evt-000317,0,41,2025-01-01 04:37:31,20527,123,6,206,864,41,0.5169672958246676
evt-000318,0,1,2025-01-01 00:55:53,60926,123,6,2307,1966,26,1.7534587463213194
evt-000319,1,2,2025-01-01 04:11:57,49480,80,17,2944,12508,358,5.733586414019395
evt-000320,0,22,2025-01-01 03:06:08,35655,123,6,950,520,32,1.1917205391634635
evt-000321,0,11,2025-01-01 03:04:11,17523,80,17,2409,724,9,1.5407879943814062
evt-000322,0,19,2025-01-01 02:09:11,40876,53,6,1476,1711,21,0.4551454976920604
evt-000323,0,4,2025-01-01 02:44:33,9040,8080,6,990,493,10,0.33861708395075135
evt-000324,0,36,2025-01-01 02:11:56,3408,443,1,616,3663,7,4.24757117726289
evt-000325,0,37,2025-01-01 02:57:54,63344,53,6,60,2016,15,1.137346324694853
evt-000326,0,29,2025-01-01 03:26:43,16096,8080,6,2204,1301,36,1.0623750876250455
evt-000327,0,8,2025-01-01 03:42:16,37727,80,6,851,1621,23,0.07252346308848662
evt-000328,0,33,2025-01-01 02:57:12,46919,8080,6,4980,687,8,1.3782159088067347
evt-000329,0,43,2025-01-01 03:58:52,15506,80,17,1632,586,15,1.6156338822303011
evt-000330,0,34,2025-01-01 00:51:20,41534,53,6,638,717,18,1.6366992635675106
evt-000331,0,21,2025-01-01 01:14:30,49957,22,6,3187,1807,7,2.4553781111308037
evt-000332,0,43,2025-01-01 04:32:49,22850,22,1,3467,1340,30,0.3907694229383436
evt-000333,0,23,2025-01-01 01:51:09,3514,8080,6,880,718,17,0.5813013066104511
evt-000334,0,16,2025-01-01 00:13:05,57156,22,6,3617,2320,8,3.329166339918882
evt-000335,0,9,2025-01-01 00:56:14,47116,80,6,629,921,8,5.881375487760042
evt-000336,0,29,2025-01-01 01:19:28,26542,123,17,1286,548,38,0.29220934902424944
evt-000337,0,45,2025-01-01 05:22:51,25069,80,6,1941,1414,15,1.376914608505409
evt-000338,0,22,2025-01-01 03:16:05,51900,123,1,2403,398,41,0.48204550365041543
evt-000339,0,31,2025-01-01 05:16:34,27934,53,6,2041,202,51,0.12390649084637526
evt-000340,0,16,2025-01-01 03:17:57,25590,443,6,786,1091,37,0.7875771047691591
evt-000341,0,49,2025-01-01 02:46:25,52943,123,6,3273,568,14,0.31024009111737993
evt-000342,0,16,2025-01-01 01:51:12,34929,22,17,968,850,4,2.4752872027325927
evt-000343,0,13,2025-01-01 03:30:14,28127,80,17,620,417,24,1.525961154684859
evt-000344,0,8,2025-01-01 00:52:49,54293,53,6,629,3673,70,0.31058309304722675
evt-000345,0,39,2025-01-01 05:10:29,37212,22,6,7631,565,19,0.018569113638924755
evt-000346,0,1,2025-01-01 04:47:55,6869,53,6,522,711,6,3.3021564106738928
evt-000347,0,44,2025-01-01 01:54:07,22186,443,6,3990,1600,13,0.387641413438923
evt-000348,0,24,2025-01-01 05:31:50,37698,80,6,352,276,17,1.8639087485223849
evt-000349,0,38,2025-01-01 04:49:00,53813,8080,6,1786,257,10,0.8217250351335802
evt-000350,0,8,2025-01-01 03:55:09,20361,80,6,1475,1605,4,1.761296761062297
evt-000351,0,21,2025-01-01 00:47:52,23337,443,6,5548,702,18,0.7585821924654182
evt-000352,0,42,2025-01-01 02:51:23,27967,80,1,569,445,12,0.18190640398718316
evt-000353,0,45,2025-01-01 03:01:33,13437,8080,6,432,2004,58,0.5045011832672948
evt-000354,0,3,2025-01-01 01:26:51,1300,123,6,976,486,21,0.41665413525487416
evt-000355,0,25,2025-01-01 00:33:49,52175,53,6,5795,833,26,1.1173002422222522
evt-000356,0,28,2025-01-01 04:37:50,18635,8080,17,452,447,18,2.14754932494831
evt-000357,0,44,2025-01-01 00:48:47,40129,22,1,82,1485,21,0.6125234196642783
evt-000358,0,33,2025-01-01 03:35:10,12968,443,6,1164,4155,7,0.024286736913700417
evt-000359,0,22,2025-01-01 05:36:33,53911,123,6,2834,170,10,1.4635155950609018
evt-000360,0,36,2025-01-01 05:16:08,16930,22,17,397,1227,38,1.8615882456472896
evt-000361,0,10,2025-01-01 01:44:36,50871,22,6,2560,2582,22,6.586686631071671
evt-000362,0,5,2025-01-01 05:09:07,59677,443,6,389,719,15,1.7806164547786552
evt-000363,0,17,2025-01-01 00:06:10,21560,123,6,947,353,26,1.2741861990818135
evt-000364,0,20,2025-01-01 00:12:23,58077,22,6,2327,1670,27,1.7038245684908155
evt-000365,0,41,2025-01-01 03:42:20,57646,22,17,334,2985,66,5.259419941359673
evt-000366,0,35,2025-01-01 02:17:23,28834,123,6,1314,2671,22,3.524923486807359
evt-000367,0,40,2025-01-01 02:25:35,13330,80,17,3695,1581,10,0.7801051870225187
evt-000368,0,37,2025-01-01 03:30:23,57713,22,17,1761,1209,18,0.5416613527100657
evt-000369,0,33,2025-01-01 01:15:44,11527,53,17,533,446,28,0.6093407529824687
evt-000370,0,16,2025-01-01 01:23:12,20249,123,6,5007,2605,36,1.4040571662905599
evt-000371,1,36,2025-01-01 03:02:58,38000,22,6,15760,18339,56,20.27744210874939
evt-000372,0,24,2025-01-01 04:42:06,61927,443,6,170,351,23,1.3992128218234166
evt-000373,0,37,2025-01-01 03:53:26,12614,8080,6,2602,1578,11,0.14040805748686422
evt-000374,0,11,2025-01-01 01:55:35,58909,53,6,619,2106,14,2.571672729558887
evt-000375,0,22,2025-01-01 02:44:56,11910,8080,6,1334,2649,33,3.2794863116979327
evt-000376,0,41,2025-01-01 01:09:22,13890,8080,6,3004,1017,31,0.6835666533837763
evt-000377,0,21,2025-01-01 00:33:56,2112,22,6,632,465,13,2.18203682623164
evt-000378,0,20,2025-01-01 04:57:13,4387,53,17,211,663,18,1.1123152024141458
evt-000379,0,26,2025-01-01 01:45:13,33816,53,6,4942,400,14,4.398601866036979
evt-000380,0,30,2025-01-01 01:12:45,10788,80,17,3514,1042,113,3.731572871710572
evt-000381,0,5,2025-01-01 04:25:27,56320,8080,6,1005,856,23,1.4907007177838723
evt-000382,0,26,2025-01-01 03:58:31,61326,53,17,2574,9367,12,2.352102825007216
evt-000383,0,39,2025-01-01 04:04:51,55844,80,6,757,2682,44,4.2971494349683095
evt-000384,0,33,2025-01-01 01:32:49,21644,123,6,1208,2891,45,1.369235361092421
evt-000385,0,11,2025-01-01 01:34:29,43751,80,17,949,1756,58,0.7515720645165179
evt-000386,0,44,2025-01-01 01:30:14,13959,443,6,789,759,70,2.802135000387706
evt-000387,0,6,2025-01-01 01:12:34,9092,22,17,1570,832,30,0.49709260987586884
evt-000388,0,9,2025-01-01 04:16:38,52411,123,6,327,912,16,0.9837825244043834
evt-000389,0,44,2025-01-01 05:30:51,8319,123,6,852,1323,17,4.01576400792924
evt-000390,0,16,2025-01-01 04:44:16,42184,443,6,1501,1618,16,2.5777716072238777
evt-000391,0,25,2025-01-01 05:11:03,12414,80,6,6891,1097,15,1.0343951137892249
evt-000392,0,20,2025-01-01 02:42:34,42240,22,6,341,820,42,0.48349227903214737
evt-000393,0,27,2025-01-01 04:19:19,21155,80,1,1845,605,20,0.8800149430473078
evt-000394,0,45,2025-01-01 02:23:48,30242,53,6,2059,272,35,0.6684411648332937
evt-000395,0,1,2025-01-01 03:30:41,11457,80,1,167,3957,30,0.38738622819821056
evt-000396,0,42,2025-01-01 03:14:08,16062,123,17,1653,9952,10,2.719950834690748
evt-000397,0,0,2025-01-01 01:15:40,53351,22,17,2644,3638,7,0.5808914739810833
evt-000398,0,35,2025-01-01 02:38:07,29206,80,6,1975,311,9,1.210886144410004
evt-000399,0,25,2025-01-01 06:24:48,12552,22,6,1008,2409,15,0.9750629261681788
evt-000400,0,28,2025-01-01 01:44:26,22305,22,6,1530,3052,21,8.043383201279264
evt-000401,0,20,2025-01-01 00:59:26,55213,53,6,1299,732,13,0.9921769819367778
evt-000402,0,10,2025-01-01 02:52:09,49535,53,17,202,1788,30,0.16672513736401579
evt-000403,0,39,2025-01-01 05:19:54,57603,123,17,1330,694,14,0.18823843422262246
evt-000404,0,10,2025-01-01 03:58:00,9629,443,6,759,5059,23,1.786876311753706
evt-000405,0,35,2025-01-01 04:37:56,35806,22,6,541,1580,21,1.829401751422319
evt-000406,0,48,2025-01-01 01:22:29,2405,443,6,13160,438,56,1.0851795793944694
evt-000407,0,38,2025-01-01 04:14:29,2122,123,17,3837,2142,11,1.130717417054398
evt-000408,0,39,2025-01-01 02:16:35,20834,22,1,347,3161,75,0.11088289394723155
evt-000409,0,34,2025-01-01 05:42:21,53831,22,6,1550,1336,14,1.4536003278733125
evt-000410,0,33,2025-01-01 04:20:32,25346,8080,6,4712,1771,8,1.4053426850085895
evt-000411,1,46,2025-01-01 01:27:13,42893,443,6,2926,12185,210,3.8600466798774375
evt-000412,0,23,2025-01-01 00:33:02,33979,80,6,1184,352,140,0.21927125099824155
evt-000413,0,21,2025-01-01 00:24:11,62412,53,17,1241,942,34,0.2638025653222651
evt-000414,0,4,2025-01-01 02:38:06,45740,80,6,306,1850,28,0.21300732981084178
evt-000415,0,32,2025-01-01 01:55:24,11231,443,6,1602,964,32,1.8817212061210158
evt-000416,0,35,2025-01-01 04:31:13,22817,53,6,3348,2442,12,0.4375130079954086
evt-000417,0,46,2025-01-01 03:31:42,3116,80,6,4954,740,24,0.5791815248508042
evt-000418,0,19,2025-01-01 01:56:18,29244,8080,6,854,791,20,0.3812853085608323
evt-000419,0,18,2025-01-01 01:08:28,19538,53,6,13381,2517,59,6.332344012779187
evt-000420,0,34,2025-01-01 00:59:32,39034,22,6,140,1369,18,3.8567736506075048
evt-000421,0,42,2025-01-01 06:04:58,9573,80,6,1565,726,16,0.5240152332617387
evt-000422,0,16,2025-01-01 01:48:04,23055,53,6,267,3083,9,0.793703501376338
evt-000423,0,44,2025-01-01 04:38:07,6209,8080,6,1200,550,21,0.4711734001356005
evt-000424,0,42,2025-01-01 05:45:04,16295,53,17,650,530,23,1.3540593738392566
evt-000425,0,33,2025-01-01 04:23:43,6800,53,1,1820,64,9,0.0396107408473615
evt-000426,0,8,2025-01-01 06:07:10,60790,8080,6,965,630,26,2.2256334447126176
evt-000427,0,25,2025-01-01 02:51:52,13473,80,6,480,4059,23,1.4811407880987093
evt-000428,0,1,2025-01-01 06:49:34,25321,123,1,512,138,36,4.578132339663227
evt-000429,0,8,2025-01-01 01:03:19,57723,80,6,7573,423,41,0.3591929886914543
evt-000430,0,8,2025-01-01 00:50:21,41615,443,6,1708,1701,21,3.2603963060146435
evt-000431,0,39,2025-01-01 04:46:20,16741,8080,6,199,116,10,3.140059572790458
evt-000432,0,16,2025-01-01 06:47:42,41147,80,6,1902,658,12,0.27205458493844736
evt-000433,0,0,2025-01-01 05:51:37,40257,53,1,902,3431,57,1.0168544183399473
evt-000434,0,24,2025-01-01 00:39:50,46529,8080,17,1101,8459,22,0.3730270001949683
evt-000435,0,42,2025-01-01 02:06:44,51673,22,17,2489,1465,57,0.5879919275782174
evt-000436,0,39,2025-01-01 06:46:07,47116,80,6,3580,434,27,0.6110029308548264
evt-000437,0,41,2025-01-01 01:56:01,64695,8080,6,464,419,31,1.6249265546243796
evt-000438,0,24,2025-01-01 05:43:45,11374,80,17,1064,1267,35,1.0600540316661806
evt-000439,0,38,2025-01-01 06:03:30,31646,8080,17,635,1452,9,5.902772664709677
evt-000440,0,34,2025-01-01 03:41:41,36347,53,6,1991,7029,24,0.2701969928026824
evt-000441,0,2,2025-01-01 02:54:53,55585,22,1,869,2895,9,7.275774658761935
evt-000442,0,49,2025-01-01 03:23:00,60710,22,1,1129,1192,16,0.5243890223098862
evt-000443,0,36,2025-01-01 01:46:15,3975,443,6,836,784,29,2.964500138625988
evt-000444,0,43,2025-01-01 06:35:42,18646,8080,6,986,22352,10,0.8279118853923453
evt-000445,0,43,2025-01-01 03:24:36,59341,80,1,6030,2052,28,0.30882468408939373
evt-000446,0,29,2025-01-01 06:34:27,5751,22,6,11977,561,8,3.9022962802670498
evt-000447,0,37,2025-01-01 00:53:54,54141,22,1,1598,876,39,0.7388283438162697
evt-000448,0,33,2025-01-01 07:22:50,39478,123,6,992,456,13,2.1508977141009273
evt-000449,0,11,2025-01-01 03:23:11,59418,123,6,222,99,10,1.6714671673416526
evt-000450,0,18,2025-01-01 00:28:39,37493,22,1,512,1499,8,1.2763951330119008
evt-000451,0,36,2025-01-01 00:24:22,36572,8080,6,966,6518,14,1.3696417717115903
evt-000452,0,43,2025-01-01 05:39:11,24806,443,6,536,214,6,2.635312863790731
evt-000453,0,48,2025-01-01 05:01:07,51764,22,17,595,1158,14,0.1837326444618298
evt-000454,0,16,2025-01-01 06:05:39,29478,53,6,5299,540,38,2.206329241399237
evt-000455,0,9,2025-01-01 00:54:43,3392,80,6,1128,1847,17,4.52311858533992
evt-000456,0,48,2025-01-01 00:23:32,65424,443,6,1234,923,9,0.11905037150284849
evt-000457,0,46,2025-01-01 03:56:09,16616,53,6,558,281,23,0.3031657504675039
evt-000458,0,11,2025-01-01 03:02:11,23197,443,17,3560,411,21,2.522017298663959
evt-000459,0,15,2025-01-01 03:36:08,34228,53,6,886,478,64,1.1499520786556345
evt-000460,0,23,2025-01-01 07:36:11,36620,80,6,651,4206,32,1.033515101863492
evt-000461,0,18,2025-01-01 07:27:44,35348,80,1,225,3996,24,0.29460385294506536
evt-000462,0,7,2025-01-01 07:15:47,57746,123,6,1031,803,34,1.4135595296891874
evt-000463,0,30,2025-01-01 06:04:35,47156,8080,17,631,3743,18,0.27059804780663
evt-000464,0,20,2025-01-01 02:49:38,62226,53,17,5911,922,19,1.294896746325118
evt-000465,0,16,2025-01-01 03:16:11,24888,123,6,6931,791,54,2.8845894239285186
evt-000466,0,22,2025-01-01 04:19:37,59672,53,6,318,1161,7,0.5975247535452334
evt-000467,0,36,2025-01-01 06:29:10,48853,123,17,357,1458,35,1.3108789466142836
evt-000468,0,15,2025-01-01 00:39:25,31774,80,17,831,629,18,9.660623813837312
evt-000469,0,5,2025-01-01 03:23:29,11600,443,1,484,1120,16,2.3208717067408133
evt-000470,0,7,2025-01-01 00:46:00,17590,123,6,1362,2409,14,3.682194885280652
evt-000471,0,24,2025-01-01 04:06:12,8214,53,6,791,1248,22,1.0717659281380554
evt-000472,0,17,2025-01-01 07:05:04,24095,53,17,1451,1144,19,2.9208372352813115
evt-000473,0,24,2025-01-01 06:11:49,39357,8080,1,3029,1797,15,0.08270504741304703
evt-000474,0,11,2025-01-01 01:54:05,57417,80,6,378,2136,13,0.26229403511135396
evt-000475,0,14,2025-01-01 07:43:47,16393,53,6,2966,1030,6,0.45397835482944177
evt-000476,0,25,2025-01-01 05:20:17,25059,22,1,529,682,13,1.0281682692857301
evt-000477,0,40,2025-01-01 00:12:50,55751,443,6,9400,1325,14,3.7382948260502085
evt-000478,0,44,2025-01-01 02:08:01,2613,123,6,5546,222,21,0.8501096315577401
evt-000479,0,25,2025-01-01 02:10:47,59955,8080,6,979,888,65,2.1262269489809213
evt-000480,0,46,2025-01-01 00:40:41,26259,443,6,418,92,13,2.471025292713935
evt-000481,0,31,2025-01-01 07:41:59,1183,80,6,345,205,10,1.7646597420082477
evt-000482,0,9,2025-01-01 03:54:42,13169,8080,6,2627,176,13,0.8839738737479476
evt-000483,0,15,2025-01-01 07:13:31,16397,123,6,1063,3125,22,1.7210184224585323
evt-000484,0,6,2025-01-01 02:41:25,32945,123,17,2770,1112,28,0.8379081311970464
evt-000485,0,16,2025-01-01 01:07:48,40347,22,6,9939,310,31,0.1752021675966949
evt-000486,0,22,2025-01-01 03:54:47,17261,80,6,507,1791,33,9.868453862988218
evt-000487,0,25,2025-01-01 01:02:41,42995,8080,6,320,2947,35,0.2720574822557925
evt-000488,0,20,2025-01-01 04:01:21,9268,8080,6,1329,1823,16,0.15019806059542123
evt-000489,0,21,2025-01-01 07:30:40,15767,53,6,3445,908,68,4.2161882562518835
evt-000490,0,6,2025-01-01 04:19:05,32590,22,6,428,1383,16,0.7185986575174549
evt-000491,0,13,2025-01-01 05:05:50,47125,22,6,1135,2701,21,2.1013419640583795
evt-000492,0,14,2025-01-01 01:23:58,47133,8080,1,4315,685,43,0.7979893620736549
evt-000493,0,6,2025-01-01 00:29:25,57022,8080,1,214,1129,28,0.9933664373414066
evt-000494,0,8,2025-01-01 01:02:03,19715,443,6,1387,847,5,0.6079290894258735
evt-000495,0,47,2025-01-01 04:59:35,35020,443,6,638,218,20,0.8402764852776339
evt-000496,0,7,2025-01-01 00:54:36,57402,443,6,1241,2742,33,1.0576411338104919
evt-000497,0,49,2025-01-01 03:12:02,6614,22,6,2230,8580,8,2.5489054839840177
evt-000498,0,22,2025-01-01 04:37:40,57095,53,6,1367,457,31,1.432979805687322
evt-000499,0,28,2025-01-01 03:19:01,6609,123,17,399,2871,25,5.749339186990142
evt-000500,0,17,2025-01-01 01:28:48,10251,443,17,664,472,40,0.0855653178984613
evt-000501,0,30,2025-01-01 02:23:13,29302,53,6,4566,1252,13,1.3986054648399004
evt-000502,0,29,2025-01-01 07:46:36,39838,80,6,1523,4954,36,1.7552210450705994
evt-000503,0,38,2025-01-01 05:42:44,13261,443,6,2541,651,22,5.056388013493555
evt-000504,0,34,2025-01-01 04:14:14,16673,123,6,1408,1080,57,0.10081584367300253
evt-000505,0,17,2025-01-01 00:14:43,38737,80,6,2462,180,106,1.7042838777252753
evt-000506,0,41,2025-01-01 08:22:13,8951,80,17,737,564,50,3.8432342563786506
evt-000507,0,38,2025-01-01 05:43:12,46433,123,6,509,162,26,0.5539531047914477
evt-000508,0,16,2025-01-01 02:46:46,49790,443,17,2353,1684,80,4.179668292790172
evt-000509,0,13,2025-01-01 07:28:34,47178,22,6,3385,2519,28,0.03845414084119501
evt-000510,0,30,2025-01-01 02:18:06,8040,123,6,439,878,11,2.6369322326266356
evt-000511,0,23,2025-01-01 04:41:52,15051,123,6,616,1459,19,5.409507914435743
evt-000512,0,34,2025-01-01 05:28:46,49712,123,6,931,791,31,2.1412025418568006
evt-000513,1,43,2025-01-01 02:00:03,25166,80,6,97796,40593,581,20.408091783065977
evt-000514,0,44,2025-01-01 08:23:04,47544,53,6,1925,1248,10,0.09183871236236561
evt-000515,0,33,2025-01-01 06:27:28,55262,22,1,291,150,10,5.054304647583977
evt-000516,0,2,2025-01-01 04:51:38,59632,443,17,999,2807,16,1.270874678847238
evt-000517,0,36,2025-01-01 01:40:25,24569,443,6,857,742,27,0.05885091559667259
evt-000518,0,42,2025-01-01 00:36:04,52060,53,17,339,307,29,2.3412119175010804
evt-000519,0,39,2025-01-01 02:51:59,32921,123,17,987,707,21,1.314931807564714
evt-000520,0,25,2025-01-01 06:33:47,51985,22,6,820,163,12,0.2655669275116374
evt-000521,1,22,2025-01-01 02:26:39,4191,443,6,6239,2566,465,3.9397894225251937
evt-000522,0,43,2025-01-01 04:45:39,45781,8080,6,729,1265,10,0.13332834243607544
evt-000523,0,38,2025-01-01 06:23:05,27941,443,17,4776,1375,43,1.7080104611454512
evt-000524,0,14,2025-01-01 01:04:21,23760,123,6,762,1489,31,1.9458781476858114
evt-000525,0,48,2025-01-01 06:02:32,29014,8080,6,1152,1100,43,1.4093964691301928
evt-000526,0,3,2025-01-01 00:56:17,63575,53,6,1034,548,15,3.39765477155612
evt-000527,1,28,2025-01-01 08:28:55,59185,22,6,11790,18501,328,70.31102445033217
evt-000528,0,21,2025-01-01 04:22:22,15111,53,6,1187,708,20,1.9122701416354255
evt-000529,0,24,2025-01-01 01:27:11,23464,53,6,1170,215,15,0.02567708445515775
evt-000530,0,12,2025-01-01 03:07:16,36229,22,6,1187,506,22,2.376393511326946
evt-000531,0,17,2025-01-01 03:44:42,56644,22,17,464,2669,51,1.0825669715078534
evt-000532,0,32,2025-01-01 06:45:29,16299,443,6,892,5368,9,1.6673832808855487
evt-000533,0,15,2025-01-01 06:38:31,59256,443,17,2345,2103,13,2.094397434535899
evt-000534,0,44,2025-01-01 05:30:13,56127,22,6,916,5134,12,0.8622940088124355
evt-000535,0,41,2025-01-01 01:04:38,6300,8080,17,1289,1194,18,4.980204370600261
evt-000536,0,43,2025-01-01 01:28:49,42651,80,6,1295,6262,18,0.28768269722389717
evt-000537,0,1,2025-01-01 00:58:27,41610,443,6,1664,8556,31,2.2265087694405885
evt-000538,0,34,2025-01-01 05:14:18,38520,80,1,1917,193,20,0.008738221270406207
evt-000539,0,41,2025-01-01 07:53:52,20032,8080,17,921,1368,24,5.171252048583411
evt-000540,0,33,2025-01-01 03:59:20,6762,22,1,440,1195,25,0.2387028296261828
evt-000541,0,29,2025-01-01 01:34:35,33426,8080,17,324,717,23,0.19938484194945397
evt-000542,0,12,2025-01-01 05:06:27,54408,443,17,3034,1793,30,0.8099533539768657
evt-000543,0,12,2025-01-01 07:22:29,64410,53,6,2369,1142,18,0.9354246279543846
evt-000544,0,17,2025-01-01 06:45:49,6817,22,6,2099,525,53,0.48236066169867814
evt-000545,0,31,2025-01-01 08:01:28,38315,123,6,2468,1067,92,1.7595399211828782
evt-000546,0,31,2025-01-01 02:38:18,6595,80,6,933,3657,30,1.170071656800162
evt-000547,0,34,2025-01-01 01:53:26,32355,8080,17,587,1316,23,0.06954646097062675
evt-000548,0,38,2025-01-01 08:03:14,17233,22,6,411,2052,29,0.7703018770361735
evt-000549,1,45,2025-01-01 06:04:08,49038,8080,6,6206,13983,174,55.949667696978196
evt-000550,0,28,2025-01-01 02:57:19,26418,22,17,3685,1723,22,2.340441307841068
evt-000551,0,48,2025-01-01 06:51:23,44172,443,6,669,327,12,2.581029336416415
evt-000552,0,28,2025-01-01 07:31:38,26706,443,17,3149,665,27,2.3954310048295873
evt-000553,0,43,2025-01-01 05:43:37,3248,443,6,909,989,12,0.7449497050841543
evt-000554,0,15,2025-01-01 06:23:58,42181,8080,6,557,306,16,0.20997433089399437
evt-000555,0,43,2025-01-01 03:34:02,61039,123,6,367,478,6,0.636192346191062
evt-000556,0,46,2025-01-01 05:03:47,49719,443,6,609,1499,9,3.565028280811263
evt-000557,0,9,2025-01-01 04:56:22,56267,22,6,4528,1248,24,7.871688768070962
evt-000558,0,29,2025-01-01 07:54:37,65202,443,6,370,2456,11,1.3618326259658908
evt-000559,0,24,2025-01-01 07:51:01,45476,53,6,9106,601,38,0.019495419708923593
evt-000560,0,38,2025-01-01 07:47:51,44432,443,6,473,1161,11,0.3017499964500638
evt-000561,0,19,2025-01-01 00:15:26,33465,8080,6,2321,560,26,0.7774536815068964
evt-000562,0,4,2025-01-01 07:03:35,42454,123,6,948,2221,12,1.728276019617295
evt-000563,0,0,2025-01-01 07:09:23,40153,53,6,795,3607,25,0.15612557060628668
evt-000564,0,29,2025-01-01 06:25:37,35740,8080,6,307,1778,7,5.741984276929747
evt-000565,0,48,2025-01-01 07:09:35,63392,8080,6,993,3169,15,0.9085241154470972
evt-000566,0,2,2025-01-01 07:58:02,45883,8080,6,344,1132,12,4.874158879358901
evt-000567,0,44,2025-01-01 04:31:40,27610,22,6,204,2454,34,3.0330047611790936
evt-000568,0,13,2025-01-01 04:49:52,45784,8080,1,1235,1182,26,2.816566897686181
evt-000569,0,29,2025-01-01 01:19:15,65143,22,6,580,393,9,1.8664647682197992
evt-000570,0,49,2025-01-01 03:45:30,24502,8080,6,5909,1403,17,1.97119489655971
evt-000571,0,3,2025-01-01 06:10:45,63369,80,17,2981,405,12,2.0322400085155214
evt-000572,0,17,2025-01-01 07:28:28,7342,53,1,5987,11374,35,1.981605039700313
evt-000573,0,36,2025-01-01 02:11:56,29718,80,6,555,785,43,1.613654331795817
evt-000574,0,24,2025-01-01 01:27:21,21204,8080,6,1256,2090,8,8.5974335773007
evt-000575,0,47,2025-01-01 06:24:28,13204,53,6,79,1083,32,2.635706186921922
evt-000576,0,0,2025-01-01 00:10:39,34026,53,17,827,319,12,3.000686251240387
evt-000577,0,45,2025-01-01 01:50:49,16396,123,6,1210,164,17,4.118694621003291
evt-000578,0,14,2025-01-01 00:26:09,30820,80,6,1279,2319,20,0.4857737556883447
evt-000579,0,8,2025-01-01 01:44:39,59296,123,1,1051,5163,59,0.1750502740908634
evt-000580,0,14,2025-01-01 01:53:04,53783,53,1,1172,525,10,1.319016481575418
evt-000581,0,48,2025-01-01 03:51:10,25451,22,6,72,209,33,1.4434254184734925
evt-000582,0,23,2025-01-01 03:59:57,34314,53,1,1416,792,9,3.534310657101452
evt-000583,0,3,2025-01-01 08:30:55,56080,123,6,1778,429,9,1.1731956291460113
evt-000584,0,11,2025-01-01 05:02:40,29123,80,6,4179,572,20,1.6919116418570812
evt-000585,0,36,2025-01-01 07:05:53,46510,8080,6,1585,2019,20,1.497619754906486
evt-000586,0,36,2025-01-01 01:09:46,55064,8080,6,962,1042,3,0.07790328892638976
evt-000587,0,42,2025-01-01 02:19:54,10845,80,6,3310,478,40,1.9101405470197586
evt-000588,0,5,2025-01-01 06:56:14,6856,8080,6,103,1975,5,3.5210249906379167
evt-000589,0,38,2025-01-01 00:40:23,13844,8080,17,655,2136,18,0.34276453458182116
evt-000590,0,45,2025-01-01 04:52:08,17235,123,1,509,782,44,1.8044390640160655
evt-000591,0,23,2025-01-01 05:58:10,40914,80,17,1059,1258,75,1.800886658069636
evt-000592,0,10,2025-01-01 06:00:23,6866,443,6,121,1845,16,0.35869587849564033
evt-000593,0,12,2025-01-01 00:23:15,64139,22,6,4103,1679,8,0.2635540334119882
evt-000594,0,33,2025-01-01 03:18:02,2340,22,6,854,1142,43,7.82924706538841
evt-000595,0,24,2025-01-01 06:22:19,61225,8080,1,1508,4594,33,1.000823967685835
evt-000596,0,6,2025-01-01 01:37:15,46992,22,1,1370,1963,14,0.516043906604458
evt-000597,0,3,2025-01-01 06:58:11,18532,80,6,3875,698,13,0.3758533791744234
evt-000598,0,7,2025-01-01 07:28:35,23029,80,6,170,702,13,2.202842742396706
evt-000599,0,19,2025-01-01 09:48:22,55599,53,17,1226,627,16,1.880374471688514
evt-000600,0,28,2025-01-01 02:13:48,16230,53,6,3450,2063,24,2.0631345147109768
evt-000601,0,44,2025-01-01 08:17:39,19995,22,6,994,588,14,0.18424379608616087
evt-000602,0,45,2025-01-01 05:18:01,26623,443,6,423,717,15,4.479870148505925
evt-000603,0,9,2025-01-01 03:51:29,23080,53,6,599,3159,29,0.9861888324217871
evt-000604,0,42,2025-01-01 01:22:45,2402,53,6,740,1328,8,0.7519176817660067
evt-000605,0,33,2025-01-01 07:27:38,53550,80,6,533,3635,16,1.2411375592712244
evt-000606,0,25,2025-01-01 02:30:38,2543,443,17,941,2435,7,0.9888092643688902
evt-000607,0,40,2025-01-01 03:51:48,23185,8080,6,4955,338,21,3.9839898981946456
evt-000608,0,48,2025-01-01 00:47:31,41727,22,6,603,990,6,5.297515761928237
evt-000609,0,2,2025-01-01 08:10:02,39885,53,6,673,2951,34,0.7232406370543437
evt-000610,0,5,2025-01-01 07:49:59,58594,443,17,1736,323,9,3.989257001267998
evt-000611,0,4,2025-01-01 07:30:57,6379,443,6,920,1668,6,3.0421502520724197
evt-000612,0,4,2025-01-01 03:10:24,55144,22,1,290,1054,16,5.341730589078804
evt-000613,0,46,2025-01-01 01:54:47,10107,443,6,1031,189,56,0.5640636296909114
evt-000614,0,22,2025-01-01 06:35:10,39366,443,6,993,1236,30,1.7205730655612013
evt-000615,0,48,2025-01-01 05:10:18,21480,443,6,2909,474,6,0.6419113247160699
evt-000616,0,8,2025-01-01 01:58:14,14348,53,6,414,341,8,3.475616611733151
evt-000617,0,34,2025-01-01 07:06:26,3281,22,6,2928,1106,15,0.010676829167432813
evt-000618,0,19,2025-01-01 10:12:36,28388,443,1,994,159,76,1.663987233554991
evt-000619,0,48,2025-01-01 07:45:08,25996,443,6,362,558,11,0.8286184987832637
evt-000620,0,41,2025-01-01 07:41:28,47203,53,6,296,14061,11,0.7792338347113545
evt-000621,0,34,2025-01-01 09:50:39,27678,22,6,7588,2101,50,2.070747295758262
evt-000622,0,49,2025-01-01 02:14:29,16257,80,6,934,454,22,3.8141312155953817
evt-000623,0,17,2025-01-01 05:56:50,16911,53,6,2797,4465,37,1.8790951322662208
evt-000624,0,16,2025-01-01 10:11:30,30344,22,6,198,406,12,3.837000221152712
evt-000625,0,23,2025-01-01 01:52:00,21832,443,1,15331,630,18,0.6146735656928114
evt-000626,1,2,2025-01-01 07:21:29,53413,22,17,35157,4561,580,19.23593612610397
evt-000627,0,31,2025-01-01 06:11:37,31178,22,17,849,1416,18,1.1976260049337542
evt-000628,0,34,2025-01-01 06:12:38,54069,8080,6,807,4309,39,0.023426464698819406
evt-000629,0,37,2025-01-01 07:22:00,63415,22,6,2286,403,25,1.6275230854153497
evt-000630,0,12,2025-01-01 09:46:23,35797,80,6,2158,139,10,2.1666060956830515
evt-000631,0,46,2025-01-01 08:16:05,52192,22,6,1316,3264,19,1.7925566669819075
evt-000632,0,24,2025-01-01 00:45:25,28771,80,6,1108,5186,36,2.665733921867834
evt-000633,0,8,2025-01-01 09:01:19,11884,443,6,1921,149,30,1.6941802300498914
evt-000634,0,3,2025-01-01 02:31:10,43862,80,1,192,1737,19,0.13816486853249113
evt-000635,0,13,2025-01-01 04:05:56,43180,443,6,756,1375,6,0.2476046598191091
evt-000636,1,36,2025-01-01 04:59:22,19180,443,6,3794,8960,122,32.59533485996958
evt-000637,0,33,2025-01-01 05:11:50,58529,80,6,2007,271,7,0.6431098476266134
evt-000638,0,10,2025-01-01 04:43:39,21384,53,1,557,2956,14,0.16599190800687852
evt-000639,0,40,2025-01-01 09:59:38,19159,123,6,227,1311,16,1.1228444391720414
evt-000640,0,2,2025-01-01 07:34:59,26375,22,17,495,1414,8,1.6163198055376646
evt-000641,0,27,2025-01-01 06:48:31,57606,8080,17,1273,588,37,0.7972153135779959
evt-000642,0,28,2025-01-01 00:42:09,31523,123,6,893,491,9,2.5490316263517494
evt-000643,0,8,2025-01-01 09:42:14,48401,22,6,339,94,8,2.0643607927484715
evt-000644,0,2,2025-01-01 09:46:37,24578,22,1,199,873,21,0.8093858958761645
evt-000645,0,24,2025-01-01 08:25:36,63515,443,6,1180,4623,36,2.8119538271445403
evt-000646,0,33,2025-01-01 00:15:13,56645,22,6,613,450,68,2.0922012160675343
evt-000647,0,11,2025-01-01 00:47:13,50155,8080,6,847,239,28,2.029160273279034
evt-000648,0,41,2025-01-01 02:34:18,59307,22,6,934,1695,51,1.6123079348896752
evt-000649,0,8,2025-01-01 01:34:38,20628,80,6,1685,2038,9,0.0229100542208668
evt-000650,0,14,2025-01-01 04:25:45,17947,123,1,2557,610,73,2.3847946750996165
evt-000651,0,39,2025-01-01 10:01:28,48615,80,6,1269,773,6,0.9433437715736736
evt-000652,0,24,2025-01-01 05:13:31,63285,8080,1,795,1427,14,5.7157603129879755
evt-000653,0,4,2025-01-01 00:19:29,51637,22,6,1124,938,28,3.4073298400119243
evt-000654,0,10,2025-01-01 03:12:44,55360,8080,17,781,2981,7,1.7719812513176287
evt-000655,0,33,2025-01-01 00:39:38,9571,443,6,212,12547,11,0.5811912436199945
evt-000656,0,23,2025-01-01 00:34:20,61972,80,6,3268,198,10,0.45560224515297676
evt-000657,0,14,2025-01-01 03:09:04,45307,80,17,2706,3750,16,0.8321974028269089
evt-000658,0,37,2025-01-01 03:09:17,34026,53,17,8009,1218,47,1.2946960885159748
evt-000659,0,7,2025-01-01 08:41:03,15586,22,6,10726,4394,20,0.7021399623729702
evt-000660,1,4,2025-01-01 10:43:40,51724,443,17,3267,21856,146,13.975841227411827
evt-000661,0,47,2025-01-01 04:12:17,8504,80,6,784,1165,3,0.36153455186064987
evt-000662,0,25,2025-01-01 04:50:13,27696,80,6,13514,2344,26,7.607486663616747
evt-000663,0,17,2025-01-01 09:21:48,5237,443,6,1053,739,32,0.22840914068625257
evt-000664,0,5,2025-01-01 03:06:08,11317,8080,6,1399,505,7,5.374852870723001
evt-000665,0,36,2025-01-01 01:53:20,35465,8080,6,239,2467,19,4.897026275794334
evt-000666,0,47,2025-01-01 09:29:47,56884,22,6,1274,471,22,1.4903993443169223
evt-000667,0,12,2025-01-01 00:41:36,63531,53,6,7569,2084,35,2.5813159006045385
evt-000668,0,27,2025-01-01 06:58:11,58158,80,6,3970,1130,13,1.145573331708217
evt-000669,0,4,2025-01-01 06:20:51,3124,53,6,595,106,11,1.988691461056508
evt-000670,0,12,2025-01-01 03:59:04,45641,8080,6,737,617,15,0.8327769147665054
evt-000671,0,16,2025-01-01 03:39:09,63021,8080,6,353,1532,43,0.7166641174920212
evt-000672,0,49,2025-01-01 08:41:14,29196,123,6,468,730,37,1.7265892604774165
evt-000673,0,39,2025-01-01 01:08:24,21156,22,6,162,85,19,1.378827015534065
evt-000674,0,44,2025-01-01 02:48:09,53349,123,17,1007,4108,37,1.7327945871185788
evt-000675,0,31,2025-01-01 08:17:24,19223,123,6,4964,1299,4,0.67559585752939
evt-000676,0,28,2025-01-01 06:15:45,37633,123,6,1564,1709,32,0.9144364853077676
evt-000677,0,2,2025-01-01 01:36:29,43989,22,6,4299,683,10,0.17525504763765445
evt-000678,1,39,2025-01-01 09:59:25,9040,22,6,48465,28193,876,1.6225850606403929
evt-000679,0,33,2025-01-01 04:34:00,40803,443,1,634,6869,10,0.5846044704329963
evt-000680,0,39,2025-01-01 09:24:54,38285,53,6,513,525,12,0.1542953332531426
evt-000681,0,26,2025-01-01 08:58:50,32905,53,6,533,5808,28,0.21912691271478293
evt-000682,0,12,2025-01-01 07:10:07,18082,443,6,196,1633,29,3.352527753086699
evt-000683,0,44,2025-01-01 05:43:29,25496,443,17,1132,459,15,0.07929889989024638
evt-000684,0,32,2025-01-01 11:10:14,42370,8080,6,60,10020,25,2.1514101120930937
evt-000685,0,5,2025-01-01 01:49:03,35950,123,6,1981,1622,27,0.6364413258044345
evt-000686,0,23,2025-01-01 08:20:35,52837,443,17,1178,2157,25,4.104363859482238
evt-000687,0,18,2025-01-01 02:20:36,35856,80,6,1757,837,15,1.327146794055415
evt-000688,0,15,2025-01-01 04:00:18,62219,53,6,3155,494,27,0.729346430946071
evt-000689,0,39,2025-01-01 03:40:37,37045,443,6,1337,1297,46,1.4581246985679108
evt-000690,0,27,2025-01-01 10:54:03,55155,80,6,5605,5331,9,0.9623977869682928
evt-000691,0,32,2025-01-01 11:08:49,25111,80,1,2042,804,12,1.661607578892744
evt-000692,0,47,2025-01-01 02:16:04,13852,80,1,514,1067,20,0.24327988165824435
evt-000693,0,40,2025-01-01 00:26:33,62634,8080,6,864,4704,10,11.611964523068961
evt-000694,0,12,2025-01-01 08:22:55,32152,8080,6,114,812,6,1.108704899206723
evt-000695,0,42,2025-01-01 04:57:14,59107,80,6,444,1826,38,0.8561290430387399
evt-000696,0,44,2025-01-01 01:12:24,2425,8080,6,749,2636,5,2.4771964656418146
evt-000697,0,24,2025-01-01 08:00:15,20667,123,6,1893,900,15,0.9047971245221563
evt-000698,0,41,2025-01-01 06:25:46,16217,80,17,517,1494,31,3.5828107242078593
evt-000699,0,35,2025-01-01 11:25:36,27877,123,1,315,2124,23,1.2112645167291958
evt-000700,0,26,2025-01-01 02:48:12,45888,123,6,166,734,15,2.5427796452827733
evt-000701,0,37,2025-01-01 04:50:09,21331,80,6,604,2479,10,0.22735269629927832
evt-000702,0,6,2025-01-01 06:26:13,38006,53,6,7714,634,24,3.7431538167693517
evt-000703,0,4,2025-01-01 09:19:00,20635,80,6,1438,558,11,2.661477028176835
evt-000704,0,42,2025-01-01 06:31:40,44815,80,6,2806,238,23,0.47579567100806
evt-000705,0,44,2025-01-01 07:16:38,12974,8080,17,445,662,21,0.3139767606606616
evt-000706,0,30,2025-01-01 02:48:45,11728,80,17,227,485,21,0.7604497262860668
evt-000707,0,22,2025-01-01 10:00:34,44135,53,6,323,734,13,7.46529373357045
evt-000708,0,41,2025-01-01 05:10:12,12891,8080,6,995,2022,68,0.5936651540032144
evt-000709,0,9,2025-01-01 01:50:05,3769,22,6,149,195,24,1.2180797988929064
evt-000710,0,31,2025-01-01 07:55:32,56267,22,6,400,152,16,0.06096011791416975
evt-000711,0,42,2025-01-01 02:42:55,4890,123,6,610,518,23,1.0124309655175967
evt-000712,0,29,2025-01-01 01:20:10,33269,123,6,292,1739,12,1.694089190277588
evt-000713,0,38,2025-01-01 10:16:14,45748,53,6,131,1463,15,6.12052505645797
evt-000714,0,30,2025-01-01 05:34:58,64169,443,6,1465,510,84,1.4543845675879286
evt-000715,0,17,2025-01-01 08:58:43,6842,22,6,1148,3531,12,3.4197027717913095
evt-000716,0,35,2025-01-01 03:36:31,52398,123,17,2389,567,19,1.5842899297589548
evt-000717,0,1,2025-01-01 09:26:48,49885,22,1,361,1741,15,0.08328010273239429
evt-000718,0,13,2025-01-01 01:30:59,52968,53,6,2344,762,10,0.7566970427237912
evt-000719,0,12,2025-01-01 04:23:39,60065,53,1,5060,459,25,1.7139198125075639
evt-000720,0,28,2025-01-01 11:44:28,31140,443,6,1425,598,20,6.015365430208766
evt-000721,0,11,2025-01-01 09:34:56,16517,443,6,595,2284,34,3.9198407069898393
evt-000722,0,38,2025-01-01 06:05:04,29062,8080,6,1267,1573,32,0.5184629504253158
evt-000723,0,1,2025-01-01 04:13:36,21471,53,6,568,2887,34,0.49720435385942635
evt-000724,0,31,2025-01-01 10:32:58,31455,123,6,480,1573,11,0.44922167228534077
evt-000725,0,12,2025-01-01 06:40:30,18932,22,6,2171,218,29,5.114926202932435
evt-000726,0,45,2025-01-01 09:13:32,30360,80,6,954,9085,29,3.8301083996873926
evt-000727,0,26,2025-01-01 09:11:12,42016,443,6,3659,1595,10,2.9822738641169213
evt-000728,0,48,2025-01-01 00:24:58,56374,80,17,704,1834,16,0.9975803959557424
evt-000729,0,40,2025-01-01 01:42:39,5049,123,6,779,752,8,1.4038943919264006
evt-000730,0,16,2025-01-01 08:05:40,52742,443,6,622,3338,30,1.248480472764516
evt-000731,0,39,2025-01-01 02:08:21,52979,80,6,357,367,29,0.5844463555197044
evt-000732,0,30,2025-01-01 03:16:06,62264,123,17,2476,2017,47,1.40650835381004
evt-000733,0,33,2025-01-01 11:34:32,21117,22,6,9756,137,17,0.06194248711129137
evt-000734,0,23,2025-01-01 06:56:33,7179,123,1,748,2158,26,0.28269024893780836
evt-000735,0,44,2025-01-01 09:14:50,47631,8080,6,555,372,36,4.353484294709679
evt-000736,0,34,2025-01-01 06:56:05,34511,443,6,520,1446,12,2.7860722076177082
evt-000737,1,47,2025-01-01 06:52:41,48682,53,6,8052,61747,168,15.930041637009747
evt-000738,0,5,2025-01-01 01:20:37,56692,22,6,5708,2496,13,1.4560999657452884
evt-000739,0,18,2025-01-01 04:22:03,21987,80,17,534,3730,16,0.924067382561252
evt-000740,1,29,2025-01-01 03:37:50,51148,443,6,11995,66067,233,53.03161389629456
evt-000741,0,6,2025-01-01 04:57:03,53894,53,6,317,649,13,3.066687635012295
evt-000742,0,9,2025-01-01 09:54:51,57571,123,6,1470,1994,34,2.881798393250954
evt-000743,0,40,2025-01-01 04:44:07,65134,53,6,1025,195,18,2.5646740777633212
evt-000744,0,31,2025-01-01 05:42:51,54578,443,17,351,551,24,0.4575797705283335
evt-000745,0,33,2025-01-01 05:03:31,21960,443,6,449,4414,14,0.8248887509880147
evt-000746,0,27,2025-01-01 01:20:57,52383,8080,6,5079,746,13,1.2691733656921453
evt-000747,0,14,2025-01-01 05:36:26,5450,8080,6,1133,169,23,0.8033236737268501
evt-000748,0,29,2025-01-01 02:36:20,24327,53,6,1214,8214,21,2.8125060344678308
evt-000749,0,36,2025-01-01 02:30:00,46304,123,6,1218,1924,32,0.7990262852485858
evt-000750,0,28,2025-01-01 01:21:51,28630,53,1,4423,2355,43,0.2975385735620061
evt-000751,0,21,2025-01-01 04:35:54,48856,443,17,385,411,13,1.0184553092257604
evt-000752,0,3,2025-01-01 09:32:39,29175,443,17,737,1456,33,7.815507541424634
evt-000753,0,19,2025-01-01 03:37:14,14791,80,6,926,1418,10,0.512060407728499
evt-000754,0,31,2025-01-01 04:04:09,12332,8080,17,196,482,69,1.8943178755789136
evt-000755,0,35,2025-01-01 08:09:42,45269,80,6,438,925,12,1.1346968904741033
evt-000756,0,49,2025-01-01 02:38:11,63546,22,6,3123,244,30,0.14734597156196055
evt-000757,0,3,2025-01-01 11:20:17,59011,443,6,2345,775,10,1.3383793581387327
evt-000758,0,26,2025-01-01 06:40:21,46695,80,6,2799,2904,18,2.4224267659839405
evt-000759,0,16,2025-01-01 05:46:43,25794,53,6,608,519,50,1.4398859073796162
evt-000760,0,11,2025-01-01 07:09:32,29596,8080,6,688,7385,12,4.113107963161012
evt-000761,1,21,2025-01-01 02:16:55,42472,8080,6,1472,2093,604,5.472840829647702
evt-000762,0,16,2025-01-01 07:52:22,3228,123,6,2784,845,20,0.1803947220017492
evt-000763,0,9,2025-01-01 04:45:08,28257,53,6,3283,568,36,5.5154983234313155
evt-000764,0,0,2025-01-01 11:26:45,22753,123,6,3241,915,25,0.950261821122605
evt-000765,0,21,2025-01-01 02:19:46,32155,80,6,5453,4322,26,1.7179575415107664
evt-000766,0,25,2025-01-01 06:34:41,53452,22,1,1672,409,8,3.1404644577317176
evt-000767,0,17,2025-01-01 07:43:53,34894,53,6,5202,698,15,0.7840526208726917
evt-000768,0,49,2025-01-01 00:38:00,39035,53,6,897,2110,41,2.51872113698996
evt-000769,0,13,2025-01-01 04:47:50,40406,53,17,187,1203,16,0.2910202175298525
evt-000770,0,46,2025-01-01 09:27:33,50091,123,6,2593,1306,21,0.6886283005948393
evt-000771,0,28,2025-01-01 10:34:49,59609,80,6,180,417,7,0.3126308600702447
evt-000772,0,11,2025-01-01 04:10:35,42499,53,17,1300,1020,14,3.334457788620436
evt-000773,0,35,2025-01-01 10:19:54,47705,53,6,2850,3400,39,0.5037271915318446
evt-000774,0,34,2025-01-01 12:29:27,22631,8080,1,1516,219,9,2.5274707797251033
evt-000775,0,11,2025-01-01 11:05:55,25992,22,6,10702,546,30,5.739905602751002
evt-000776,0,6,2025-01-01 01:42:42,34422,8080,17,153,178,22,1.5005876038188009
evt-000777,0,28,2025-01-01 09:38:08,12932,8080,6,1009,1876,17,1.5531845058980722
evt-000778,0,10,2025-01-01 04:17:31,27447,22,6,1115,3734,16,1.236203976974259
evt-000779,0,32,2025-01-01 12:50:07,44639,80,6,285,912,14,0.7887243787080396
evt-000780,0,5,2025-01-01 06:25:16,10195,8080,6,345,401,15,1.2912109466817985
evt-000781,0,46,2025-01-01 01:47:02,13745,80,6,471,413,35,1.8466686208034024
evt-000782,0,14,2025-01-01 09:30:40,61770,8080,6,365,814,15,8.536192285357618
evt-000783,0,31,2025-01-01 04:21:45,62239,443,1,984,811,59,5.553661311245407
evt-000784,0,10,2025-01-01 13:01:44,56859,22,17,600,2729,24,3.9632212039512504
evt-000785,0,22,2025-01-01 12:49:23,50453,8080,6,1507,561,14,4.398803534076687
evt-000786,0,25,2025-01-01 08:40:13,17640,443,6,2099,1694,36,1.261656679527308
evt-000787,0,33,2025-01-01 01:53:35,43536,123,17,1962,807,29,2.1426421722049014
evt-000788,0,45,2025-01-01 09:05:21,39482,443,1,727,520,7,4.50886117469613
evt-000789,0,33,2025-01-01 01:25:19,47193,53,6,1457,788,10,0.998290758342876
evt-000790,0,28,2025-01-01 00:35:58,8683,8080,6,3087,1535,18,6.5278760063773404
evt-000791,0,3,2025-01-01 10:53:17,61638,443,17,1712,2737,7,1.074976062327609
evt-000792,0,16,2025-01-01 02:56:33,44393,80,6,7037,852,70,1.838002129987886
evt-000793,0,34,2025-01-01 05:08:46,12728,123,6,2928,329,32,2.474402360252573
evt-000794,0,12,2025-01-01 12:53:16,33817,8080,17,6114,2980,19,6.0152863784642205
evt-000795,0,40,2025-01-01 04:36:34,49176,53,6,90,446,16,0.5610588251162442
evt-000796,0,38,2025-01-01 04:05:20,47497,443,17,1207,1423,14,2.7418736146400335
evt-000797,0,14,2025-01-01 12:12:53,32250,123,17,793,1069,6,1.4713395161045328
evt-000798,0,28,2025-01-01 01:40:12,24876,8080,6,967,935,7,0.6254723517739434
evt-000799,0,28,2025-01-01 10:10:06,33106,123,6,490,673,62,2.9976440192607616
evt-000800,0,10,2025-01-01 13:10:36,23818,53,1,1629,2038,51,1.6069166615962742
evt-000801,0,31,2025-01-01 12:03:15,42444,443,6,179,30,14,2.163355898722411
evt-000802,0,1,2025-01-01 08:47:17,53940,123,6,1641,3416,34,0.7798757693205939
evt-000803,0,46,2025-01-01 04:21:22,56775,123,6,506,440,27,1.3127587614019811
evt-000804,0,13,2025-01-01 03:34:28,61799,22,17,664,1649,29,1.9212913102512121
evt-000805,0,19,2025-01-01 11:01:55,14403,123,6,1700,1564,8,1.0380879853714655
evt-000806,0,21,2025-01-01 11:50:45,55278,22,6,1186,3924,6,0.4422225851225279
evt-000807,0,10,2025-01-01 07:10:24,8030,443,17,3146,1336,40,6.5215057262582645
evt-000808,0,26,2025-01-01 03:27:36,53659,8080,17,415,478,6,1.4326987229659396
evt-000809,0,2,2025-01-01 01:43:19,52170,8080,1,1011,220,18,2.6479193103579477
evt-000810,0,16,2025-01-01 01:22:56,9706,443,17,2667,773,16,1.0588184468473425
evt-000811,1,43,2025-01-01 09:46:58,34864,443,1,31437,3091,304,17.52759215535887
evt-000812,0,27,2025-01-01 05:48:59,33454,80,17,1678,584,24,1.0456759631116832
evt-000813,0,28,2025-01-01 12:17:20,24115,443,6,3321,818,13,1.0525440950898475
evt-000814,0,20,2025-01-01 10:05:37,61541,123,6,730,550,25,1.5713150771961184
evt-000815,0,46,2025-01-01 02:46:51,34007,8080,6,591,1143,21,1.5682011577875186
evt-000816,0,15,2025-01-01 08:26:05,25013,53,6,1950,866,70,1.3749419052633398
evt-000817,0,36,2025-01-01 06:03:29,10939,8080,6,944,790,8,0.289556310431091
evt-000818,0,19,2025-01-01 07:57:57,43576,22,1,3368,97,20,1.3706575621107637
evt-000819,0,5,2025-01-01 10:08:03,20014,8080,6,1587,300,26,0.3705010450681994
evt-000820,0,18,2025-01-01 11:03:43,25758,80,17,587,2085,17,0.26966055458195803
evt-000821,0,4,2025-01-01 11:34:50,15848,443,6,1538,2451,9,5.395577580085977
evt-000822,0,2,2025-01-01 03:38:59,54957,443,6,444,174,42,1.8574859461890194
evt-000823,0,0,2025-01-01 00:38:53,37105,8080,6,2826,485,24,2.1546219118936407
evt-000824,0,37,2025-01-01 10:12:45,12057,53,1,271,3203,9,1.0276391033086243
evt-000825,0,14,2025-01-01 01:40:01,43760,53,17,3722,534,26,4.793371631100493
evt-000826,0,33,2025-01-01 04:29:33,17265,80,17,1511,980,55,2.0318381357073623
evt-000827,0,34,2025-01-01 00:16:53,60420,22,6,930,4636,19,2.9321464097549024
evt-000828,0,48,2025-01-01 09:28:48,57939,8080,6,2352,763,20,0.9195125274874978
evt-000829,0,24,2025-01-01 02:30:03,6963,443,6,1828,662,51,6.438345778931312
evt-000830,0,23,2025-01-01 09:08:39,48488,8080,6,4148,937,11,3.4347288811792014
evt-000831,0,11,2025-01-01 13:44:15,48586,80,17,4109,6998,56,3.847591453020238
evt-000832,0,17,2025-01-01 01:13:19,36087,123,6,1559,1713,36,0.37795354923982627
evt-000833,0,14,2025-01-01 01:17:01,55861,123,6,458,1117,11,0.6320621578691115
evt-000834,0,43,2025-01-01 04:53:02,35488,80,6,638,649,13,0.6726989674253347
evt-000835,0,15,2025-01-01 12:05:17,12209,443,6,1020,1879,14,0.6319140648612701
evt-000836,0,26,2025-01-01 03:11:06,28069,80,17,3234,2121,6,3.8676808338767166
evt-000837,0,7,2025-01-01 05:10:33,52122,443,6,694,374,23,0.06480837114561283
evt-000838,0,45,2025-01-01 01:10:25,45793,53,6,755,2179,11,0.1583028527571559
evt-000839,0,24,2025-01-01 10:43:35,48142,80,6,6962,942,23,0.6401760258920017
evt-000840,0,16,2025-01-01 05:51:15,20191,443,6,988,1124,9,0.4459695644609847
evt-000841,0,28,2025-01-01 10:41:54,37436,80,6,581,452,34,0.5275655362319106
evt-000842,0,7,2025-01-01 12:42:11,22649,80,6,2384,735,31,3.1984127596031238
evt-000843,0,14,2025-01-01 03:26:59,40212,443,1,1036,391,13,1.6562236287890608
evt-000844,0,26,2025-01-01 11:24:09,64045,443,6,273,373,24,0.011574751785455351
evt-000845,0,45,2025-01-01 01:03:11,28100,22,6,3105,1598,21,1.1218629861566045
evt-000846,0,49,2025-01-01 12:41:51,57733,80,6,519,768,48,1.048108565334397
evt-000847,0,6,2025-01-01 09:16:07,45629,123,6,1145,298,10,0.24195311529790287
evt-000848,0,2,2025-01-01 12:23:07,20053,80,6,1024,9672,18,2.2548989562266177
evt-000849,0,28,2025-01-01 00:14:18,23997,80,1,1380,356,13,2.4219759623442583
evt-000850,0,43,2025-01-01 02:35:29,40145,443,6,122,3268,20,2.552321685940778
evt-000851,0,23,2025-01-01 05:40:20,32457,80,6,784,250,27,2.607372261633271
evt-000852,0,2,2025-01-01 05:32:08,44333,8080,6,3377,1731,13,0.00010565665537666425
evt-000853,0,19,2025-01-01 03:24:23,2956,80,6,3887,853,16,6.15478741467397
evt-000854,0,45,2025-01-01 05:34:41,45278,8080,6,406,584,35,3.366263278310376
evt-000855,0,14,2025-01-01 02:02:34,2781,123,1,2753,1335,45,4.686432890318862
evt-000856,0,24,2025-01-01 06:01:42,31746,443,6,512,1167,27,0.03153388569999008
evt-000857,0,29,2025-01-01 11:30:26,38877,80,6,754,486,18,5.431926729089271
evt-000858,0,13,2025-01-01 06:58:29,39429,8080,6,794,465,17,3.3192376376998305
evt-000859,1,6,2025-01-01 00:29:31,2140,8080,6,20083,3732,458,59.638402400197975
evt-000860,0,16,2025-01-01 06:10:44,44551,8080,17,2985,1488,23,0.19585946205769098
evt-000861,0,43,2025-01-01 00:37:21,12715,53,6,1428,312,7,2.6847695383710914
evt-000862,0,19,2025-01-01 13:53:23,1516,22,6,966,1101,28,6.433590463711999
evt-000863,0,35,2025-01-01 02:02:32,28906,123,1,2885,1983,11,2.26980999567303
evt-000864,0,8,2025-01-01 10:15:39,9835,80,1,491,1350,8,1.6905530309455197
evt-000865,0,37,2025-01-01 14:01:50,28832,53,6,1015,532,7,5.8238736416832655
evt-000866,0,47,2025-01-01 11:57:51,25296,80,6,2968,2721,17,1.1701543161106036
evt-000867,0,21,2025-01-01 10:10:39,29423,80,17,1861,729,10,1.8290524106867059
evt-000868,0,1,2025-01-01 12:10:58,7498,443,6,687,288,4,1.2938188028421764
evt-000869,0,23,2025-01-01 14:13:26,27980,443,17,241,825,16,5.401540171939713
evt-000870,0,7,2025-01-01 09:06:03,48177,443,1,1496,1971,14,0.1582698143568408
evt-000871,0,10,2025-01-01 08:13:26,43530,53,1,226,558,18,1.3907781868405802
evt-000872,0,12,2025-01-01 09:13:13,55134,80,1,886,2639,13,2.3228003110578097
evt-000873,0,16,2025-01-01 07:51:49,15003,22,6,3565,507,60,3.1395359313857254
evt-000874,0,7,2025-01-01 09:20:23,45547,123,6,1991,581,27,1.7494275525493466
evt-000875,0,20,2025-01-01 06:41:38,43589,443,6,144,385,14,4.7919845399866885
evt-000876,0,17,2025-01-01 03:22:46,29352,443,1,1340,2172,19,5.69432962357706
evt-000877,0,29,2025-01-01 01:58:18,48399,80,17,796,1039,46,0.1329618221919228
evt-000878,0,17,2025-01-01 01:13:38,13891,80,17,306,411,35,1.0295686968448658
evt-000879,0,45,2025-01-01 04:02:14,60258,53,6,1533,737,8,0.04747713020524764
evt-000880,0,46,2025-01-01 00:54:34,26875,53,1,670,50,11,0.7992145695341569
evt-000881,0,30,2025-01-01 08:26:01,32303,443,6,674,2387,12,1.5394872779618596
evt-000882,0,37,2025-01-01 04:20:51,52919,80,6,1241,924,15,4.833634816325983
evt-000883,1,31,2025-01-01 12:10:38,31551,22,6,10642,1794,254,68.0272170443425
evt-000884,0,10,2025-01-01 01:19:16,8890,123,6,1206,255,20,0.272784623271347
evt-000885,0,44,2025-01-01 03:31:43,16473,80,6,605,719,31,0.1952926373360308
evt-000886,0,24,2025-01-01 10:50:58,11709,80,6,640,294,34,1.7796254707765449
evt-000887,0,32,2025-01-01 08:57:04,24568,8080,17,2959,2424,16,1.5190781854896942
evt-000888,0,37,2025-01-01 01:11:06,6475,53,6,3276,1666,7,0.6195217612562574
evt-000889,0,40,2025-01-01 13:01:41,22666,123,17,198,1571,10,4.594261680099768
evt-000890,0,7,2025-01-01 13:02:35,42340,443,6,2314,81,14,5.244655569123315
evt-000891,0,10,2025-01-01 05:04:20,64088,80,6,4440,648,9,1.0303750405069452
evt-000892,0,21,2025-01-01 05:13:26,64785,443,6,5205,545,39,4.420058444064146
evt-000893,0,23,2025-01-01 14:43:21,40978,80,1,1845,422,9,0.9688507100622344
evt-000894,0,40,2025-01-01 09:25:22,39894,443,1,380,724,29,2.6698100645933094
evt-000895,0,16,2025-01-01 08:02:31,32054,123,6,2059,355,7,1.2923066577702016
evt-000896,0,11,2025-01-01 12:33:24,59237,53,6,459,1359,29,0.26154618676595437
evt-000897,0,45,2025-01-01 04:26:35,59253,123,6,778,2360,18,5.260351411169122
evt-000898,0,31,2025-01-01 06:33:56,60369,8080,6,1608,2165,49,1.2106264596713776
evt-000899,1,14,2025-01-01 04:11:42,31897,22,6,3278,6387,68,17.73181993406738
evt-000900,0,15,2025-01-01 11:53:24,63877,53,1,348,8096,14,0.9151189658066367
evt-000901,0,21,2025-01-01 08:42:59,59651,123,6,1747,3428,16,0.038122796444192385
evt-000902,1,27,2025-01-01 09:59:23,1643,8080,6,56125,7836,144,1.676109422698363
evt-000903,0,19,2025-01-01 03:59:05,34674,22,1,3801,677,16,1.371229161872084
evt-000904,0,32,2025-01-01 03:30:49,26396,8080,17,2224,4179,16,2.342136022201122
evt-000905,0,9,2025-01-01 07:29:41,4666,80,6,2919,3003,16,0.815140624730759
evt-000906,0,39,2025-01-01 11:12:11,64636,80,6,2075,267,5,2.37809258331198
evt-000907,0,31,2025-01-01 08:03:34,29025,443,6,1719,3248,36,2.398870160319554
evt-000908,0,49,2025-01-01 00:44:16,35088,53,6,2693,939,111,2.434358637598586
evt-000909,0,32,2025-01-01 13:11:30,30314,80,6,279,463,24,1.3566032622055402
evt-000910,0,1,2025-01-01 01:13:03,15146,8080,1,1338,151,10,4.927531016732848
evt-000911,0,32,2025-01-01 14:31:25,25844,53,6,1011,838,10,1.3435406761020225
evt-000912,0,32,2025-01-01 00:37:44,3919,80,6,1186,1083,29,1.1966385740616785
evt-000913,0,40,2025-01-01 10:38:40,56769,443,6,691,5363,25,0.44473974888528656
evt-000914,0,12,2025-01-01 01:29:07,51105,123,6,1845,2856,16,0.735342037725932
evt-000915,0,29,2025-01-01 13:54:37,6390,443,6,483,612,31,0.08651343819608404
evt-000916,0,32,2025-01-01 07:13:35,9735,22,17,643,1618,5,2.007706122763254
evt-000917,0,12,2025-01-01 02:19:17,20620,80,1,570,2505,31,0.5714632687257126
evt-000918,0,25,2025-01-01 05:22:57,19817,22,6,2601,1195,23,0.725257420640551
evt-000919,0,21,2025-01-01 02:44:15,9223,22,6,1083,609,11,2.94644730839107
evt-000920,0,38,2025-01-01 02:49:39,11741,8080,6,691,644,8,0.7926773117970283
evt-000921,0,1,2025-01-01 14:34:00,37215,53,17,754,1612,21,0.5546607189485504
evt-000922,0,37,2025-01-01 06:59:02,11235,8080,6,1100,1657,46,0.37038996016768494
evt-000923,0,38,2025-01-01 12:11:18,46574,80,17,5553,818,17,2.982051502166086
evt-000924,0,25,2025-01-01 09:56:32,64093,22,17,318,79,12,0.27784897964996996
evt-000925,0,45,2025-01-01 10:30:40,24384,123,6,2154,301,22,1.2093708326990757
evt-000926,0,49,2025-01-01 02:15:20,57770,22,6,1757,2037,59,1.4142087252129
evt-000927,0,14,2025-01-01 03:48:55,22566,123,6,453,130,26,2.325597184871577
evt-000928,0,33,2025-01-01 12:13:24,32336,8080,17,4754,3583,27,2.006332321662977
evt-000929,0,41,2025-01-01 15:02:17,46266,8080,6,1880,3090,41,3.329062868095531
evt-000930,0,43,2025-01-01 04:15:43,37459,53,6,660,1142,26,0.09156738751347844
evt-000931,0,48,2025-01-01 04:24:08,29271,22,6,170,1994,12,0.7032062967571657
evt-000932,0,39,2025-01-01 07:28:55,61169,443,6,1379,1860,7,0.6573807208009912
evt-000933,0,10,2025-01-01 15:18:10,23381,8080,6,1048,975,11,0.31568776232961704
evt-000934,0,2,2025-01-01 04:22:35,56412,8080,6,391,277,10,0.6826671785408337
evt-000935,0,5,2025-01-01 06:29:45,42069,53,17,386,2884,29,0.741447229578918
evt-000936,0,8,2025-01-01 13:56:07,28715,123,17,2613,4479,32,1.4758057284987933
evt-000937,0,5,2025-01-01 00:18:18,13448,53,17,155,327,22,2.179529957141954
evt-000938,1,8,2025-01-01 00:52:18,19876,22,1,26794,4771,167,17.123810675301268
evt-000939,0,38,2025-01-01 09:33:25,23625,80,6,909,956,58,2.542150864850918
evt-000940,0,30,2025-01-01 14:14:23,53795,80,6,1802,586,15,0.8194443287944548
evt-000941,0,31,2025-01-01 03:56:42,19044,123,6,817,1267,28,0.6857798686001976
evt-000942,0,40,2025-01-01 07:30:43,9179,8080,6,1470,3670,20,1.5582297212485037
evt-000943,0,49,2025-01-01 07:13:25,4607,123,6,521,116,22,0.04800424069690636
evt-000944,0,11,2025-01-01 07:34:46,16539,8080,6,1043,5330,28,0.16630484352626887
evt-000945,0,7,2025-01-01 09:54:13,37801,8080,17,1788,730,13,1.0824650040251118
evt-000946,0,7,2025-01-01 07:32:44,20734,80,6,1275,1829,43,5.72634760684168
evt-000947,1,49,2025-01-01 07:12:28,44202,123,6,14874,18879,72,23.708290002280552
evt-000948,0,27,2025-01-01 07:37:55,25556,53,6,433,2287,10,0.184508161772139
evt-000949,0,19,2025-01-01 09:27:12,64215,8080,6,607,1166,43,3.7457396594315147
evt-000950,0,46,2025-01-01 08:37:29,19625,443,6,618,1473,28,2.635782414171953
evt-000951,0,6,2025-01-01 13:34:35,64251,443,17,831,1464,92,1.8880769575025325
evt-000952,0,10,2025-01-01 01:02:12,5991,53,17,4266,583,20,3.43285462588943
evt-000953,0,19,2025-01-01 13:16:47,19777,443,17,769,189,55,1.0353978743944006
evt-000954,0,15,2025-01-01 13:27:35,21046,22,17,349,324,6,0.5007752751067577
evt-000955,0,3,2025-01-01 04:43:28,44487,8080,6,1884,988,8,1.4349756055583065
evt-000956,0,5,2025-01-01 07:31:02,10159,53,6,4216,499,34,1.5918742530118943
evt-000957,0,21,2025-01-01 07:08:38,6746,123,6,310,500,7,1.5457941409271985
evt-000958,0,25,2025-01-01 03:41:48,28437,8080,6,7885,6629,17,1.6651577957392907
evt-000959,0,2,2025-01-01 06:30:10,28260,53,6,1661,2588,40,5.94032080702045
evt-000960,0,40,2025-01-01 00:57:54,16538,80,6,3083,852,27,4.650594609219915
evt-000961,0,41,2025-01-01 04:38:33,44920,123,6,4755,2147,20,4.170388699733221
evt-000962,0,13,2025-01-01 13:08:35,38236,80,6,2900,720,15,3.2330943560529497
evt-000963,0,10,2025-01-01 04:45:30,41410,8080,6,981,1225,22,5.744486023820116
evt-000964,0,17,2025-01-01 13:11:40,21355,123,6,3705,1705,28,0.20737858514636553
evt-000965,0,11,2025-01-01 08:40:31,19084,443,6,1414,722,13,0.6161049929604526
evt-000966,0,22,2025-01-01 14:11:52,2220,53,6,3263,552,25,1.3666152786362902
evt-000967,0,11,2025-01-01 09:22:39,13321,8080,6,3640,3729,38,3.748558896215651
evt-000968,0,12,2025-01-01 00:44:22,3811,22,6,368,2026,17,1.4070646864293588
evt-000969,0,24,2025-01-01 10:59:43,24840,123,1,2426,115,20,2.7569281110072734
evt-000970,0,44,2025-01-01 00:58:56,59829,123,6,914,562,26,0.2992284159669925
evt-000971,0,18,2025-01-01 07:26:25,41719,8080,6,1259,502,27,0.5818113599961321
evt-000972,0,45,2025-01-01 15:04:32,20726,8080,6,1245,589,34,2.6318663620032487
evt-000973,1,35,2025-01-01 02:54:16,26266,80,6,17666,38363,161,5.316616879388685
evt-000974,0,44,2025-01-01 06:29:38,56865,443,6,5031,1117,14,0.8657422964951761
evt-000975,0,7,2025-01-01 11:56:00,63986,80,6,279,273,14,0.6154056683279994
evt-000976,0,28,2025-01-01 14:22:59,3200,80,6,195,747,11,0.8611403212144876
evt-000977,0,31,2025-01-01 11:00:52,21151,443,6,158,1885,6,2.464223700133156
evt-000978,0,43,2025-01-01 04:24:35,42584,22,6,3194,880,2,0.91724822415086
evt-000979,0,17,2025-01-01 11:05:45,28252,80,6,506,575,41,1.620545816316951
evt-000980,0,5,2025-01-01 05:02:16,54598,80,6,1251,1527,7,0.21056965272113273
evt-000981,0,17,2025-01-01 11:49:22,21232,123,6,977,5531,51,3.2696929181431402
evt-000982,0,18,2025-01-01 15:37:36,29506,443,6,451,1739,31,0.9237173810712274
evt-000983,0,21,2025-01-01 11:53:41,10195,53,6,2569,4027,15,2.0912855064059372
evt-000984,0,36,2025-01-01 14:11:19,36243,22,6,965,615,29,2.584803838293661
evt-000985,0,31,2025-01-01 00:18:27,34420,22,6,864,1087,25,0.47058642617915747
evt-000986,1,40,2025-01-01 11:52:10,43613,443,1,15625,12031,117,48.76737210607333
evt-000987,0,2,2025-01-01 13:41:36,41570,8080,6,2254,1234,19,1.9153937710838398
evt-000988,0,27,2025-01-01 00:55:52,4720,8080,6,420,1703,11,1.1197696443739686
evt-000989,0,9,2025-01-01 14:24:07,61798,123,6,2625,437,29,0.4026055724589644
evt-000990,0,34,2025-01-01 04:26:23,21082,123,1,4674,2095,13,5.705028720774277
evt-000991,0,28,2025-01-01 11:04:49,21337,443,6,263,215,18,2.813550982808404
evt-000992,0,14,2025-01-01 13:17:15,20173,123,17,1448,288,18,0.4664498024014465
evt-000993,0,32,2025-01-01 11:03:36,54545,22,6,808,9280,21,0.824105844539014
evt-000994,0,6,2025-01-01 01:46:46,46764,22,6,2206,658,54,3.318036487331402
evt-000995,0,11,2025-01-01 10:00:02,42099,53,1,324,2274,17,2.379335641891592
evt-000996,0,48,2025-01-01 09:14:51,5980,8080,6,5591,5992,41,2.90302552448783
evt-000997,0,29,2025-01-01 14:59:16,11219,443,6,219,108,26,1.1639312481307273
evt-000998,0,20,2025-01-01 06:53:20,18100,80,6,858,3382,47,2.5209188593244054
evt-000999,0,30,2025-01-01 05:32:03,53338,8080,6,1693,2098,16,0.9771295664057039
